"source_id","table","title","url","status_code","ok","issue","fix_applied","new_url","red_team_verdict","checked_date"
"src-lexington-historical-society","Source","","https://lexingtonhistory.org","200","true","","","","","2026-07-07"
"src-freedom-trail-foundation","Source","","https://www.thefreedomtrail.org/","200","true","","","","","2026-07-07"
"source-old-manse-archives","Source","","https://thetrustees.org/place/the-old-manse/","200","true","","","","","2026-07-07"
"source-nps-boston","Source","","https://www.nps.gov/bost/","200","true","","","","","2026-07-07"
"src-revere-deposition","Source","Paul Revere's Deposition, circa 1775","https://www.masshist.org/database/viewer.php?item_id=99","200","true","","","","ISSUE","2026-07-07"
"source-adams-papers","Source","Adams Family Papers","https://www.masshist.org/adams/","404","false","","true","https://www.masshist.org/adams","INACCESSIBLE","2026-07-07"
"source-nps-concord","Source","","https://www.nps.gov/mima/","200","true","","","","","2026-07-07"
"src-loc-american-memory","Source","","https://memory.loc.gov/ammem/collections/continental/","403","true","bot-blocked","","","","2026-07-07"
"src-wikipedia-lexington","Source","","https://en.wikipedia.org/wiki/Battles_of_Lexington_and_Concord","200","true","","","","","2026-07-07"
"src-nps-minuteman","Source","","https://www.nps.gov/mima/index.htm","200","true","","","","","2026-07-07"
"source-mhs-collections","Source","","https://www.masshist.org/","200","true","","","","","2026-07-07"
"src-massachusetts-archives","Source","Massachusetts Archives Collection","https://www.sec.state.ma.us/arc/","200","true","","","","INACCESSIBLE","2026-07-07"
"source-freedom-trail-foundation","Source","","https://www.thefreedomtrail.org/","200","true","","","","","2026-07-07"
"source-boston-athenaeum","Source","","https://www.bostonathenaeum.org/","200","true","","","","","2026-07-07"
"source-longfellow-nps","Source","","https://www.nps.gov/long/index.htm","200","true","","","","","2026-07-07"
"source-cambridge-historical","Source","","https://www.cambridgema.gov/historic","200","true","","","","","2026-07-07"
"source-harvard-archives-rev","Source","Harvard University Archives: Revolutionary War Collection","https://library.harvard.edu/archives","404","false","","true","https://library.harvard.edu/libraries/harvard-university-archives","INACCESSIBLE","2026-07-07"
"source-cambridge-museum","Source","","https://cambridgehistory.org","200","true","","","","","2026-07-07"
"source-mass-historical-siege","Source","Massachusetts Historical Society: Siege Papers","https://www.masshist.org","200","true","","","","ISSUE","2026-07-07"
"source-washington-orders-cambridge","Source","General Orders, Cambridge Headquarters 1775-1776","https://www.loc.gov/collections/george-washington-papers","403","true","bot-blocked","","","ISSUE","2026-07-07"
"source-martha-washington-letters","Source","Martha Washington Letters","https://www.mountvernon.org","403","true","bot-blocked","","","ISSUE","2026-07-07"
"source-russell-house-museum","Source","","https://arlingtonhistorical.org/jason-russell-house/","200","true","","","","","2026-07-07"
"source-arlington-historical","Source","","https://arlingtonhistorical.org","200","true","","","","","2026-07-07"
"source-mma-april19","Source","","https://www.nps.gov/mima","200","true","","","","","2026-07-07"
"src-lex-boston1775-blog","Source","","https://boston1775.blogspot.com/","200","true","","","","","2026-07-07"
"source-museum-fine-arts-revolutionary","Source","","https://www.mfa.org/","200","true","","","","","2026-07-07"
"src-salem-essex-county-court-records","Source","Essex County Court Records and Committee of Safety Minutes, 1774-1776","https://www.sec.state.ma.us/arc/","200","true","","","","INACCESSIBLE","2026-07-07"
"src-salem-privateering-commissions","Source","Continental Congress Privateering Commissions: Salem-Registered Vessels, 1776-17","https://www.archives.gov/","200","true","","","","ISSUE","2026-07-07"
"src-lex-prince-estabrook","Source","","https://allthingsliberty.com/2019/04/prince-estabrook/","404","false","","true","https://www.nps.gov/people/prince-estabrook-of-lexington.htm","","2026-07-07"
"src-lex-nps-wayside","Source","","https://www.nps.gov/mima/planyourvisit/the-battle-road-trail.htm","200","true","","","","","2026-07-07"
"src-lex-lexington-visitor","Source","","https://www.lexingtonma.gov/visitors-center","404","false","","true","https://www.lexingtonma.gov/393/Visitors-Center","","2026-07-07"
"source-hackensack-nps-washington-hq","Source","","https://www.nps.gov/revwar","404","false","","true","https://www.nps.gov/subjects/americanrevolution/index.htm","","2026-07-07"
"source-hackensack-nj-historical-society-bergen","Source","Bergen County in the American Revolution: Primary Sources","https://jerseyhistory.org","200","true","","","","ISSUE","2026-07-07"
"source-hackensack-rutgers-nj-revolution","Source","","https://www.rutgersuniversitypress.org","200","true","","","","","2026-07-07"
"src-salem-pem-collections","Source","","https://www.pem.org/library","200","true","","","","","2026-07-07"
"src-salem-carey-leslie-retreat","Source","","https://allthingsliberty.com/2014/02/leslies-retreat-the-first-blow-for-liberty/","404","false","","true","https://allthingsliberty.com/2019/10/the-americans-have-hoisted-their-standard-of-liberty-at-salem/","","2026-07-07"
"src-salem-essex-county-hist-soc","Source","","https://www.essexheritage.org/","200","true","","","","","2026-07-07"
"src-salem-wikipedia-leslies-retreat","Source","","https://en.wikipedia.org/wiki/Leslie%27s_Retreat","200","true","","","","","2026-07-07"
"src-salem-tourism-revolution","Source","","https://www.salem.org/history/revolutionary-war/","403","true","bot-blocked","","","","2026-07-07"
"src-marblehead-glover-orderly-books","Source","Colonel John Glover's Orderly Books, 1775-1777","https://www.masshist.org/","200","true","","","","ISSUE","2026-07-07"
"src-marblehead-washington-crossing-orders","Source","General Washington's Orders to Colonel Glover, December 25-26, 1776","https://www.loc.gov/collections/george-washington-papers/","403","true","bot-blocked","","","ISSUE","2026-07-07"
"src-marblehead-nps-valley-forge","Source","","https://www.nps.gov/vafo/learn/historyculture/index.htm","200","true","","","","","2026-07-07"
"src-marblehead-state-archives-muster-rolls","Source","Massachusetts Muster Rolls: Glover's 14th Continental Regiment, 1775-1777","https://www.sec.state.ma.us/arc/","200","true","","","","INACCESSIBLE","2026-07-07"
"src-marblehead-historical-society","Source","","https://www.marbleheadmuseum.org/","0","false","connection error","true","https://marbleheadmuseum.org/","","2026-07-07"
"src-marblehead-chandler-long-island","Source","","https://allthingsliberty.com/2016/08/battle-long-island/","404","false","","true","https://allthingsliberty.com/tag/battle-of-long-island/","","2026-07-07"
"src-plymouth-muster-rolls-siege-boston","Source","Plymouth County Militia Muster Rolls: Siege of Boston, 1775-1776","https://www.sec.state.ma.us/arc/","200","true","","","","INACCESSIBLE","2026-07-07"
"src-plymouth-nps-site","Source","","https://www.nps.gov/nr/travel/american_revolution/nationalmonumenttotheforefathers.html","404","false","","true","https://en.wikipedia.org/wiki/National_Monument_to_the_Forefathers","","2026-07-07"
"src-plymouth-historical-society","Source","","https://www.pilgrimhall.org/","200","true","","","","","2026-07-07"
"src-plymouth-wikipedia-revolution","Source","","https://en.wikipedia.org/wiki/Plymouth,_Massachusetts#American_Revolution","200","true","","","","","2026-07-07"
"src-plymouth-visit-tourism","Source","","https://www.seeplymouth.com/","200","true","","","","","2026-07-07"
"src-worcester-court-closure-proceedings","Source","Worcester County Court of Common Pleas: Closure Proceedings, September 6, 1774","https://www.sec.state.ma.us/arc/","200","true","","","","INACCESSIBLE","2026-07-07"
"src-worcester-committee-correspondence-minutes","Source","Worcester Committee of Correspondence Minutes, 1773-1775","https://www.americanantiquarian.org/","200","true","","","","ISSUE","2026-07-07"
"src-worcester-american-antiquarian-society","Source","","https://www.americanantiquarian.org/collections/revolutionary-war","404","false","","true","https://www.americanantiquarian.org/library/remembering-the-revolution","","2026-07-07"
"src-marblehead-visit-marblehead","Source","","https://visitmarblehead.com/","200","true","","","","","2026-07-07"
"src-plymouth-forefathers-monument-docs","Source","Plymouth Town Records and Proprietors Minutes, 1774-1776","https://www.sec.state.ma.us/arc/","200","true","","","","INACCESSIBLE","2026-07-07"
"src-worcester-historical-museum","Source","","https://www.worcesterhistory.net/","0","false","connection error","true","https://www.worcesterhistory.org/","","2026-07-07"
"src-worcester-bell-powder-alarm","Source","","https://allthingsliberty.com/2014/09/powder-alarm-1774/","404","false","","true","https://en.wikipedia.org/wiki/Powder_Alarm","","2026-07-07"
"src-worcester-wikipedia-revolution","Source","","https://en.wikipedia.org/wiki/Worcester,_Massachusetts#American_Revolution","200","true","","","","","2026-07-07"
"src-worcester-mass-moments","Source","","https://www.massmoments.org/","200","true","","","","","2026-07-07"
"src-springfield-armory-nps","Source","","https://www.nps.gov/spar/learn/historyculture/index.htm","200","true","","","","","2026-07-07"
"src-springfield-knox-ordnance-orders","Source","General Henry Knox's Orders Establishing the Springfield Arsenal, 1777","https://www.archives.gov/","200","true","","","","ISSUE","2026-07-07"
"src-springfield-state-archives-shays","Source","Shays' Rebellion Papers: Springfield Arsenal Attack, January 1787","https://www.sec.state.ma.us/arc/","200","true","","","","INACCESSIBLE","2026-07-07"
"src-springfield-continental-congress-supply","Source","Board of War Records: Springfield Armory Procurement, 1778-1781","https://www.loc.gov/collections/papers-of-the-continental-congress/","403","true","bot-blocked","","","INACCESSIBLE","2026-07-07"
"src-springfield-historical-society","Source","","https://www.springfieldlibrary.org/history/","404","false","","true","https://www.springfieldlibrary.org/library/local-history-and-genealogy/","","2026-07-07"
"src-springfield-nps-shays-teaching","Source","","https://www.nps.gov/subjects/teachingwithhistoricplaces/shaysrebellion.htm","404","false","","true","https://www.nps.gov/teachers/classrooms/shays-rebellion-a-nation-on-trial.htm","","2026-07-07"
"src-worcester-nps-revolution-resources","Source","","https://www.nps.gov/subjects/teachingwithhistoricplaces/worcester.htm","404","false","","true","https://www.nps.gov/articles/massachusetts-teaching-with-historic-places.htm","","2026-07-07"
"src-nyc-british-hq-papers","Source","Sir Henry Clinton Papers (British Headquarters Papers)","https://quod.lib.umich.edu/c/clementsmss/umich-wcl-M-1","403","true","bot-blocked","","","INACCESSIBLE","2026-07-07"
"src-nyc-continental-congress-journals-ny","Source","Journals of the Continental Congress, 1776-1783","https://memory.loc.gov/ammem/amlaw/lwjc.html","403","true","bot-blocked","","","ISSUE","2026-07-07"
"src-nyc-nps-revolution-ny","Source","","https://www.nps.gov/subjects/revwar/new-york.htm","404","false","","true","https://www.nps.gov/thingstodo/rev-war-new-york-state-parks.htm","","2026-07-07"
"src-nyc-new-york-historical-society-collections","Source","","https://www.nyhistory.org/library/manuscript-collections","200","true","","","","","2026-07-07"
"src-nyc-wallabout-martyrs","Source","","https://allthingsliberty.com/2014/02/wallabout-prison-ships/","404","false","","true","https://allthingsliberty.com/tag/prison-ship/","","2026-07-07"
"src-nyc-battle-long-island-nps","Source","","https://www.nps.gov/gate/learn/historyculture/battle-of-brooklyn.htm","404","false","","true","https://www.nps.gov/gois/historyculture/battle-of-brooklyn.htm","","2026-07-07"
"src-nyc-wikipedia-battle-long-island","Source","","https://en.wikipedia.org/wiki/Battle_of_Long_Island","200","true","","","","","2026-07-07"
"src-nyc-nycgo-revolutionary-sites","Source","","https://www.nyctourism.com/articles/revolutionary-war-sites/","404","false","","true","https://nycrevolutionarytrail.org/walking-tour","","2026-07-07"
"src-nyc-fraunces-tavern-museum","Source","","https://www.frauncestavernmuseum.org/","200","true","","","","","2026-07-07"
"src-springfield-wikipedia-armory","Source","","https://en.wikipedia.org/wiki/Springfield_Armory_National_Historic_Site","200","true","","","","","2026-07-07"
"src-springfield-tourism-site","Source","","https://www.valleyvisitor.com/","0","false","connection error","false","","","2026-07-07"
"src-sar-nps-saratoga-nbp","Source","","https://www.nps.gov/sara/index.htm","200","true","","","","","2026-07-07"
"src-sar-new-york-state-archives-saratoga","Source","","https://www.archives.nysed.gov/research/military-records","200","true","","","","","2026-07-07"
"src-sar-saratoga-county-historical","Source","","https://www.saratogahistory.com/","200","true","","","","","2026-07-07"
"src-sar-wikipedia-saratoga","Source","","https://en.wikipedia.org/wiki/Battles_of_Saratoga","200","true","","","","","2026-07-07"
"src-sar-nps-visitor-saratoga","Source","","https://www.nps.gov/sara/planyourvisit/index.htm","200","true","","","","","2026-07-07"
"src-sar-discover-saratoga","Source","","https://www.discoversaratoga.org/history/revolutionary-war","200","true","","","","","2026-07-07"
"src-alb-schuyler-papers","Source","Philip Schuyler Papers","https://digitalcollections.nypl.org/collections/philip-schuyler-papers","200","true","","","","PASS","2026-07-07"
"src-sar-gates-papers","Source","Horatio Gates Papers, 1726-1828","https://digitalcollections.nyhistory.org/islandora/object/islandora:120591","403","true","bot-blocked","","","INACCESSIBLE","2026-07-07"
"src-alb-ten-broeck-mansion","Source","","https://www.tenbroeckmansion.org/","200","true","","","","","2026-07-07"
"src-alb-wikipedia-albany","Source","","https://en.wikipedia.org/wiki/Albany,_New_York","200","true","","","","","2026-07-07"
"src-alb-albany-visitor","Source","","https://www.albany.org/","200","true","","","","","2026-07-07"
"src-tic-nps-fort-ticonderoga","Source","","https://www.nps.gov/nr/travel/geo-flyer/fortticonderoga.html","404","false","","true","https://www.nps.gov/articles/000/reinterpreting-new-york-s-fort-ticonderoga.htm","","2026-07-07"
"src-tic-congressional-resolution-1775","Source","Continental Congress Resolutions Regarding Fort Ticonderoga, May 1775","https://memory.loc.gov/ammem/amlaw/lwjc.html","403","true","bot-blocked","","","ISSUE","2026-07-07"
"src-tic-fort-ticonderoga-museum","Source","","https://www.fortticonderoga.org/","200","true","","","","","2026-07-07"
"src-tic-wikipedia-fort-tic","Source","","https://en.wikipedia.org/wiki/Fort_Ticonderoga","200","true","","","","","2026-07-07"
"src-tic-fort-tic-tourism","Source","","https://www.fortticonderoga.org/visit","200","true","","","","","2026-07-07"
"src-alb-albany-county-historical","Source","","https://www.historicalbany.org/","0","false","connection error","true","https://www.albanycountyhistory.org/","","2026-07-07"
"src-wp-great-chain-history","Source","","https://allthingsliberty.com/2014/05/the-great-chain-across-the-hudson/","404","false","","true","https://allthingsliberty.com/2014/09/the-great-west-point-chain/","","2026-07-07"
"src-wp-wikipedia-west-point","Source","","https://en.wikipedia.org/wiki/West_Point,_New_York","200","true","","","","","2026-07-07"
"src-wp-usma-visitor","Source","","https://www.westpoint.edu/visiting","200","true","","","","","2026-07-07"
"src-wp2-nps-washington-ny-campaign","Source","","https://www.nps.gov/subjects/revwar/new-york-campaign-1776.htm","404","false","","true","https://www.battlefields.org/learn/articles/lost-battlefield-disastrous-battle-new-york","","2026-07-07"
"src-wp2-westchester-county-historical","Source","","https://westchesterhistory.com/","403","true","bot-blocked","","","","2026-07-07"
"src-wp2-wikipedia-battle-white-plains","Source","","https://en.wikipedia.org/wiki/Battle_of_White_Plains","200","true","","","","","2026-07-07"
"src-wp2-white-plains-city-history","Source","","https://www.cityofwhiteplains.com/","200","true","","","","","2026-07-07"
"src-new-washington-hasbrouck-orders","Source","General Orders from Newburgh Headquarters, 1782-1783","https://www.loc.gov/collections/george-washington-papers/","403","true","bot-blocked","","","INACCESSIBLE","2026-07-07"
"src-new-newburgh-address-text","Source","Washington's Address to the Officers of the Army (Newburgh Address), March 15, 1","https://www.loc.gov/resource/mgw3b.020/?sp=375","403","true","bot-blocked","","","ISSUE","2026-07-07"
"src-wp-usma-library-collections","Source","","https://www.westpoint.edu/library","403","true","bot-blocked","","","","2026-07-07"
"src-new-orange-county-historical","Source","","https://www.orangecountyhistorical.org/","0","false","connection error","true","https://www.orangecountyhistoricalsociety.org/","","2026-07-07"
"src-new-wikipedia-newburgh-conspiracy","Source","","https://en.wikipedia.org/wiki/Newburgh_Conspiracy","200","true","","","","","2026-07-07"
"src-new-ny-heritage-digital","Source","","https://nyheritage.org/","403","true","bot-blocked","","","","2026-07-07"
"src-king-ny-state-constitution-1777","Source","Constitution of the State of New-York, 1777","https://www.archives.nysed.gov/research/new-york-state-constitution-1777","404","false","","true","https://www.archives.nysed.gov/research/constitutions-and-constitional-conventions","INACCESSIBLE","2026-07-07"
"src-king-senate-house-state-historic","Source","","https://parks.ny.gov/historic-sites/33/details.aspx","200","true","","","","","2026-07-07"
"src-king-hudsonvalley-heritage","Source","","https://www.hvlibrary.org/","200","true","","","","","2026-07-07"
"src-king-wikipedia-kingston-ny","Source","","https://en.wikipedia.org/wiki/Kingston,_New_York","200","true","","","","","2026-07-07"
"src-king-kingston-tourism","Source","","https://www.ulstercountyny.gov/tourism","403","true","bot-blocked","","","","2026-07-07"
"src-crown-point-nps-champlain","Source","","https://parks.ny.gov/historic-sites/crownpoint/","200","true","","","","","2026-07-07"
"src-new-nps-washingtons-hq","Source","","https://parks.ny.gov/historic-sites/17/details.aspx","200","true","","","","","2026-07-07"
"src-crown-point-wikipedia","Source","","https://en.wikipedia.org/wiki/Crown_Point,_New_York","200","true","","","","","2026-07-07"
"src-harlem-heights-nyhs-collections","Source","","https://www.nyhistory.org/","200","true","","","","","2026-07-07"
"src-harlem-heights-wikipedia","Source","","https://en.wikipedia.org/wiki/Battle_of_Harlem_Heights","200","true","","","","","2026-07-07"
"src-stony-point-nps-battlefield","Source","","https://parks.ny.gov/historic-sites/stonypoint/","404","false","","true","https://parks.ny.gov/visit/historic-sites/stony-point-battlefield-state-historic-site","","2026-07-07"
"src-stony-point-wikipedia","Source","","https://en.wikipedia.org/wiki/Battle_of_Stony_Point","200","true","","","","","2026-07-07"
"src-phi-journals-continental-congress","Source","Journals of the Continental Congress, 1774-1789","https://memory.loc.gov/ammem/amlaw/lwjc.html","403","true","bot-blocked","","","ISSUE","2026-07-07"
"src-phi-letters-delegates-congress","Source","Letters of Delegates to Congress, 1774-1789 (26 vols.)","https://memory.loc.gov/ammem/amlaw/lwdg.html","403","true","bot-blocked","","","ISSUE","2026-07-07"
"src-phi-nps-independence-nhp","Source","","https://www.nps.gov/inde/index.htm","200","true","","","","","2026-07-07"
"src-phi-franklin-papers","Source","The Papers of Benjamin Franklin (43 vols.)","https://franklinpapers.org/","200","true","","","","ISSUE","2026-07-07"
"src-phi-historical-society-pa","Source","","https://hsp.org/","403","true","bot-blocked","","","","2026-07-07"
"src-phi-american-philosophical-society","Source","","https://www.amphilsoc.org/library","200","true","","","","","2026-07-07"
"src-phi-wikipedia-independence-hall","Source","","https://en.wikipedia.org/wiki/Independence_Hall","200","true","","","","","2026-07-07"
"src-phi-visit-philadelphia-history","Source","","https://www.visitphiladelphia.com/things-to-do/history-and-culture/american-revolution/","0","false","connection error","true","https://www.visitphilly.com/articles/philadelphia/the-historic-american-revolution-trail-of-greater-philadelphia/","","2026-07-07"
"src-vf-nps-valley-forge","Source","","https://www.nps.gov/vafo/index.htm","200","true","","","","","2026-07-07"
"src-vf-chester-county-archives","Source","","https://www.chesco.org/3411/Archives","404","false","","true","https://www.chesco.org/192/Archives-Records","","2026-07-07"
"src-vf-wikipedia-valley-forge","Source","","https://en.wikipedia.org/wiki/Valley_Forge","200","true","","","","","2026-07-07"
"src-vf-vf-park-visitor-guide","Source","","https://www.nps.gov/vafo/planyourvisit/index.htm","200","true","","","","","2026-07-07"
"src-yor-articles-confederation","Source","Articles of Confederation and Perpetual Union","https://www.archives.gov/milestone-documents/articles-of-confederation","200","true","","","","PASS","2026-07-07"
"src-yor-journals-congress-york","Source","Journals of the Continental Congress: York Period (September 1777-June 1778)","https://memory.loc.gov/ammem/amlaw/lwjc.html","403","true","bot-blocked","","","ISSUE","2026-07-07"
"src-yor-nps-york-colonial-courthouse","Source","","https://www.yorkheritage.org/colonial-complex","404","false","","true","https://www.yorkhistorycenter.org/museums/colonial-complex/","","2026-07-07"
"src-yor-york-county-heritage-trust","Source","","https://www.yorkheritage.org/","200","true","","","","","2026-07-07"
"src-car-cumberland-county-historical","Source","","https://www.historicalsociety.com/","200","true","","","","","2026-07-07"
"src-car-dickinson-college-archives","Source","","https://archives.dickinson.edu/","200","true","","","","","2026-07-07"
"src-car-wikipedia-carlisle-pa","Source","","https://en.wikipedia.org/wiki/Carlisle,_Pennsylvania","200","true","","","","","2026-07-07"
"src-car-visit-carlisle-pa","Source","","https://www.visitcarlislepa.com/","0","false","connection error","true","https://www.visitcumberlandvalley.com/towns/carlisle/","","2026-07-07"
"src-pao-chester-county-paoli-memorial","Source","","https://www.chesco.org/3411/Archives","404","false","","true","https://www.chesco.org/192/Archives-Records","","2026-07-07"
"src-pao-wikipedia-paoli-massacre","Source","","https://en.wikipedia.org/wiki/Battle_of_Paoli","200","true","","","","","2026-07-07"
"src-yor-york-pa-tourism","Source","","https://www.yorkpa.org/","200","true","","","","","2026-07-07"
"src-ger-nps-germantown","Source","","https://www.nps.gov/inde/learn/historyculture/battle-of-germantown.htm","404","false","","true","https://www.battlefields.org/learn/revolutionary-war/battles/germantown","","2026-07-07"
"src-ger-cliveden-nhld","Source","","https://www.cliveden.org/","403","true","bot-blocked","","","","2026-07-07"
"src-ger-germantown-historical-society","Source","","https://www.germantownhistory.org/","200","true","","","","","2026-07-07"
"src-ger-battle-germantown-french-context","Source","","https://allthingsliberty.com/2015/06/the-battle-of-germantown/","404","false","","true","https://allthingsliberty.com/2020/02/the-death-of-lt-michael-grosh-the-maryland-militia-at-germantown/","","2026-07-07"
"src-ger-wikipedia-germantown","Source","","https://en.wikipedia.org/wiki/Battle_of_Germantown","200","true","","","","","2026-07-07"
"src-ger-cliveden-visitor","Source","","https://www.cliveden.org/visit/","403","true","bot-blocked","","","","2026-07-07"
"src-pit-nps-fort-pitt","Source","","https://www.heinzhistorycenter.org/fort-pitt-museum","403","true","bot-blocked","","","","2026-07-07"
"src-pit-allegheny-county-historical","Source","","https://www.heinzhistorycenter.org/","200","true","","","","","2026-07-07"
"src-ger-washington-germantown-plan","Source","Washington's Battle Plan for Germantown, October 1777","https://www.loc.gov/collections/george-washington-papers/","403","true","bot-blocked","","","ISSUE","2026-07-07"
"src-pit-visit-pittsburgh-history","Source","","https://www.visitpittsburgh.com/things-to-do/history-heritage/","404","false","","true","https://www.visitpittsburgh.com/blog/historical-sites-to-visit/","","2026-07-07"
"src-tre-washington-trenton-orders","Source","Washington's Orders for the Crossing of the Delaware and Attack on Trenton","https://www.loc.gov/collections/george-washington-papers/","403","true","bot-blocked","","","ISSUE","2026-07-07"
"src-tre-nps-washington-crossing","Source","","https://www.nj.gov/dep/parksandforests/historic/washcros/index.html","404","false","","true","https://dep.nj.gov/parksandforests/state-park/washington-crossing-state-park/","","2026-07-07"
"src-tre-nj-state-archives-trenton","Source","","https://www.nj.gov/state/archives/","200","true","","","","","2026-07-07"
"src-tre-trenton-city-museum","Source","","https://www.barracks.org/","200","true","","","","","2026-07-07"
"src-tre-trenton-nj-heritage","Source","","https://ellarslie.org/","403","true","bot-blocked","","","","2026-07-07"
"src-tre-wikipedia-battle-trenton","Source","","https://en.wikipedia.org/wiki/Battle_of_Trenton","200","true","","","","","2026-07-07"
"src-tre-visit-nj-trenton","Source","","https://www.visitnj.org/trenton","403","true","bot-blocked","","","","2026-07-07"
"src-pit-wikipedia-fort-pitt","Source","","https://en.wikipedia.org/wiki/Fort_Pitt","200","true","","","","","2026-07-07"
"source-hackensack-dey-mansion-nps","Source","","https://npgallery.nps.gov","200","true","","","","","2026-07-07"
"cmpwa4e1e0003uhiyc6imj53g","Source","","https://www.nps.gov/people/crispus-attucks.htm","200","true","","","","","2026-07-07"
"src-pri-nps-princeton-battlefield","Source","","https://www.nj.gov/dep/parksandforests/historic/princeton/index.html","404","false","","true","https://dep.nj.gov/parksandforests/state-park/princeton-battlefield-state-park/","","2026-07-07"
"src-pri-princeton-university-archives","Source","Princeton University Archives: Nassau Hall During the Revolution","https://rbsc.princeton.edu/","403","true","bot-blocked","","","ISSUE","2026-07-07"
"src-pri-nj-historical-society-princeton","Source","","https://jerseyhistory.org/","200","true","","","","","2026-07-07"
"src-pri-princeton-battlefield-society","Source","","https://www.theprincetonbattlefield.org/","0","false","connection error","true","https://pbs1777.org/","","2026-07-07"
"src-pri-wikipedia-princeton","Source","","https://en.wikipedia.org/wiki/Battle_of_Princeton","200","true","","","","","2026-07-07"
"src-pri-visit-princeton-revolution","Source","","https://www.visitprinceton.org/","404","false","","true","https://www.experienceprinceton.org/visit","","2026-07-07"
"src-pri-nassau-hall-history","Source","","https://www.princeton.edu/history","403","true","bot-blocked","","","","2026-07-07"
"src-pri-washington-princeton-orders","Source","Washington's Orders and After-Action Report on the Battle of Princeton","https://www.loc.gov/collections/george-washington-papers/","403","true","bot-blocked","","","ISSUE","2026-07-07"
"src-mor-morris-county-historical","Source","","https://www.morrishistory.org/","0","false","connection error","true","https://morriscountyhistory.org/","","2026-07-07"
"src-mor-cold-winter-1779-80","Source","","https://allthingsliberty.com/2016/02/the-hard-winter-morristown-1779-1780/","404","false","","true","https://emergingrevolutionarywar.org/2016/01/23/the-hard-winter-of-1779-1780/","","2026-07-07"
"src-mor-wikipedia-morristown-nhp","Source","","https://en.wikipedia.org/wiki/Morristown_National_Historical_Park","200","true","","","","","2026-07-07"
"src-mor-visit-morristown","Source","","https://www.morristourism.org/","200","true","","","","","2026-07-07"
"src-mor-nps-morristown-visitor","Source","","https://www.nps.gov/morr/planyourvisit/index.htm","200","true","","","","","2026-07-07"
"src-mon-washington-monmouth-orders","Source","Washington's Orders and Correspondence: Monmouth Campaign, June 1778","https://www.loc.gov/collections/george-washington-papers/","403","true","bot-blocked","","","ISSUE","2026-07-07"
"src-mon-nps-monmouth-battlefield","Source","","https://www.nj.gov/dep/parksandforests/historic/monmouth/index.html","404","false","","true","https://dep.nj.gov/parksandforests/state-park/monmouth-battlefield-state-park/","","2026-07-07"
"src-mon-molly-pitcher-scholarship","Source","","https://allthingsliberty.com/2013/12/molly-pitcher-the-real-story/","404","false","","true","https://allthingsliberty.com/2013/05/molly-pitcher-and-captain-molly/","","2026-07-07"
"cmotpc5ke000j2hy643v2uobt","Source","","https://www.battlefields.org/learn/articles/washingtons-encampment-morristown-new-jersey-and-hard-winter-1779-1780","200","true","","","","","2026-07-07"
"cmotpc5ko000m2hy6ntpya80w","Source","","https://www.battlefields.org/learn/articles/morristown-winter-encampment","200","true","","","","","2026-07-07"
"src-mon-monmouth-county-tourism","Source","","https://www.visitmonmouth.com/","200","true","","","","","2026-07-07"
"src-nbr-washington-retreat-dispatch","Source","Washington's Dispatches from New Brunswick and the New Jersey Retreat, November-","https://www.loc.gov/collections/george-washington-papers/","403","true","bot-blocked","","","ISSUE","2026-07-07"
"src-nbr-rutgers-university-archives","Source","","https://www.libraries.rutgers.edu/rul/libs/scua/","200","true","","","","","2026-07-07"
"src-nbr-wikipedia-new-brunswick","Source","","https://en.wikipedia.org/wiki/New_Brunswick,_New_Jersey","200","true","","","","","2026-07-07"
"src-nbr-visit-new-brunswick","Source","","https://www.visitnewbrunswick.com/","200","true","","","","","2026-07-07"
"src-fle-washington-fort-lee-letters","Source","Washington's Correspondence on the Fall of Fort Lee and Fort Washington, Novembe","https://www.loc.gov/collections/george-washington-papers/","403","true","bot-blocked","","","ISSUE","2026-07-07"
"src-mon-wikipedia-monmouth","Source","","https://en.wikipedia.org/wiki/Battle_of_Monmouth","200","true","","","","","2026-07-07"
"src-fle-wikipedia-fort-lee","Source","","https://en.wikipedia.org/wiki/Fort_Lee,_New_Jersey","200","true","","","","","2026-07-07"
"src-fle-fort-lee-historic-park-visitor","Source","","https://www.nj.gov/dep/parksandforests/historic/fortlee/index.html","404","false","","true","https://njpalisades.org/fortlee/","","2026-07-07"
"src-yorktown-va-cornwallis-capitulation","Source","Articles of Capitulation, Yorktown, October 19, 1781","https://www.archives.gov/milestone-documents/articles-of-capitulation","404","false","","true","https://www.nps.gov/york/learn/historyculture/mooorehouseandarticle.htm","FABRICATED","2026-07-07"
"src-yorktown-va-washington-diary-1781","Source","George Washington's Diary, August-October 1781","https://www.loc.gov/collections/george-washington-papers/","403","true","bot-blocked","","","ISSUE","2026-07-07"
"src-yorktown-va-nps-colonial-nhp","Source","","https://www.nps.gov/york/index.htm","200","true","","","","","2026-07-07"
"src-yorktown-va-virginia-state-archives-1781","Source","Virginia Executive Papers: Governor Thomas Nelson, 1781","https://www.lva.virginia.gov/","200","true","","","","ISSUE","2026-07-07"
"src-yorktown-va-hamilton-assault-redoubt","Source","Alexander Hamilton's Report on the Assault on Redoubt No. 10, October 1781","https://www.loc.gov/collections/alexander-hamilton-papers/","403","true","bot-blocked","","","ISSUE","2026-07-07"
"src-fle-bergen-county-historical","Source","","https://www.bergencountyhistory.org/","200","true","","","","","2026-07-07"
"src-yorktown-va-wikipedia-siege","Source","","https://en.wikipedia.org/wiki/Siege_of_Yorktown","200","true","","","","","2026-07-07"
"src-yorktown-va-nps-battlemap","Source","","https://www.nps.gov/york/planyourvisit/maps.htm","200","true","","","","","2026-07-07"
"src-williamsburg-va-burgesses-journals","Source","Journals of the House of Burgesses of Virginia, 1773-1776","https://www.colonialwilliamsburg.org/","403","true","bot-blocked","","","ISSUE","2026-07-07"
"src-williamsburg-va-henry-resolves-1765","Source","Patrick Henry's Virginia Stamp Act Resolves, May 1765","https://www.encyclopediavirginia.org/entries/henry-patrick-1736-1799/","403","true","bot-blocked","","","ISSUE","2026-07-07"
"src-williamsburg-va-virginia-declaration-rights","Source","Virginia Declaration of Rights, June 12, 1776 (George Mason's Draft)","https://www.lva.virginia.gov/public/guides/va1_declarationrights.htm","404","false","","true","https://www.lva.virginia.gov/collections/educator-resources/online-classroom/stc/entries/the-virginia-declaration-of-rights-june-12-1776","INACCESSIBLE","2026-07-07"
"src-williamsburg-va-dunmore-proclamation","Source","Lord Dunmore's Proclamation, November 7, 1775","https://www.archives.gov/","200","true","","","","ISSUE","2026-07-07"
"src-williamsburg-va-colonial-williamsburg-research","Source","","https://www.colonialwilliamsburg.org/learn/living-history/revolutionary-city/","403","true","bot-blocked","","","","2026-07-07"
"src-williamsburg-va-virginia-gazette-1765-1776","Source","Virginia Gazette, 1765-1776 (Selected Issues)","https://research.colonialwilliamsburg.org/DigitalLibrary/va-gazettes/","403","true","bot-blocked","","","INACCESSIBLE","2026-07-07"
"src-williamsburg-va-virginia-constitution-1776","Source","Constitution of Virginia, June 29, 1776","https://www.lva.virginia.gov/","200","true","","","","ISSUE","2026-07-07"
"src-williamsburg-va-jefferson-autobiography","Source","Jefferson's Autobiography: Virginia and the Road to Independence","https://www.loc.gov/item/mtjbib025151/","403","true","bot-blocked","","","INACCESSIBLE","2026-07-07"
"cmomk0jvf0006130qhrsvg2qc","Source","","https://www.masshist.org/database/viewer.php?item_id=463&pid=15","200","true","","","","","2026-07-07"
"src-yorktown-va-museum-colonial-national","Source","","https://www.historyisfun.org/yorktown-victory-center/","403","true","bot-blocked","","","","2026-07-07"
"src-yorktown-va-virginia-hist-soc","Source","","https://www.virginiahistory.org/","403","true","bot-blocked","","","","2026-07-07"
"cmomk2yxq000b130qs77omezi","Source","","https://www.nps.gov/articles/000/from-hammer-to-musket-the-tragedy-of-timothy-bigelow.htm","200","true","","","","","2026-07-07"
"src-williamsburg-va-wikipedia-colonial-capital","Source","","https://en.wikipedia.org/wiki/Williamsburg,_Virginia","200","true","","","","","2026-07-07"
"src-richmond-va-jefferson-arnold-letter","Source","Thomas Jefferson to Steuben, January 12, 1781 (Arnold's Raid Correspondence)","https://www.loc.gov/collections/thomas-jefferson-papers/","403","true","bot-blocked","","","ISSUE","2026-07-07"
"src-richmond-va-virginia-state-archives","Source","Virginia Executive Papers and Council Journals, 1779-1781","https://www.lva.virginia.gov/","200","true","","","","ISSUE","2026-07-07"
"src-richmond-va-nps-richmond-nbp","Source","","https://www.nps.gov/rich/index.htm","200","true","","","","","2026-07-07"
"src-richmond-va-lva-revolutionary-virginia","Source","","https://www.lva.virginia.gov/public/guides/va1_revwar.htm","404","false","","true","https://lva-virginia.libguides.com/revolutionary-war","","2026-07-07"
"src-richmond-va-wikipedia-arnold-raid","Source","","https://en.wikipedia.org/wiki/Arnold%27s_expedition_to_Virginia","404","false","","true","https://en.wikipedia.org/wiki/Military_career_of_Benedict_Arnold,_1781","","2026-07-07"
"src-richmond-va-richmond-civil-war-museum","Source","","https://acwm.org/","200","true","","","","","2026-07-07"
"src-williamsburg-va-colonial-williamsburg-almanack","Source","","https://research.colonialwilliamsburg.org/","403","true","bot-blocked","","","","2026-07-07"
"src-williamsburg-va-visit-williamsburg","Source","","https://www.colonialwilliamsburg.org/plan/historic-area/","403","true","bot-blocked","","","","2026-07-07"
"src-alexandria-va-nps-george-washington","Source","","https://www.mountvernon.org/","403","true","bot-blocked","","","","2026-07-07"
"src-alexandria-va-gadsby-tavern-museum","Source","","https://www.alexandriava.gov/GadsbysTavern","200","true","","","","","2026-07-07"
"src-alexandria-va-george-washington-masonic","Source","","https://www.gwmemorial.org/","200","true","","","","","2026-07-07"
"src-alexandria-va-wikipedia","Source","","https://en.wikipedia.org/wiki/Alexandria,_Virginia","200","true","","","","","2026-07-07"
"src-alexandria-va-visit-alexandria","Source","","https://www.visitalexandriava.com/history-culture/history/revolutionary-war/","404","false","","true","https://www.alexandriava.gov/historic-alexandria/a-brief-history-of-alexandria","","2026-07-07"
"src-fredericksburg-va-nps-kenmore","Source","","https://www.kenmore.org/","200","true","","","","","2026-07-07"
"src-alexandria-va-fairfax-resolves-1774","Source","Fairfax County Resolves, July 18, 1774","https://www.loc.gov/item/00694538/","403","true","bot-blocked","","","INACCESSIBLE","2026-07-07"
"src-fredericksburg-va-encyclopedia-virginia-fredericksburg","Source","","https://www.encyclopediavirginia.org/","403","true","bot-blocked","","","","2026-07-07"
"src-fredericksburg-va-wikipedia","Source","","https://en.wikipedia.org/wiki/Fredericksburg,_Virginia","200","true","","","","","2026-07-07"
"src-fredericksburg-va-visit-fredericksburg","Source","","https://www.visitfred.com/history","404","false","","true","https://fxbg.com/things-to-do/history/","","2026-07-07"
"src-norfolk-va-woodford-letter-norfolk-burning","Source","General Woodford to the Virginia Committee of Safety, January 4, 1776","https://www.lva.virginia.gov/","200","true","","","","ISSUE","2026-07-07"
"src-norfolk-va-virginia-gazette-norfolk-burning","Source","Virginia Gazette: Reports on the Burning of Norfolk, January-March 1776","https://research.colonialwilliamsburg.org/DigitalLibrary/va-gazettes/","403","true","bot-blocked","","","INACCESSIBLE","2026-07-07"
"src-norfolk-va-virginia-historical-society-norfolk","Source","","https://www.virginiahistory.org/","403","true","bot-blocked","","","","2026-07-07"
"src-norfolk-va-norfolk-history-museum","Source","","https://www.chrysler.org/","200","true","","","","","2026-07-07"
"src-norfolk-va-wikipedia-burning","Source","","https://en.wikipedia.org/wiki/Burning_of_Norfolk","200","true","","","","","2026-07-07"
"src-norfolk-va-visit-norfolk","Source","","https://www.visitnorfolk.com/","200","true","","","","","2026-07-07"
"cmotpa453000b2hy6szugwhys","Source","","https://www.battlefields.org/learn/revolutionary-war/battles/monmouth","200","true","","","","","2026-07-07"
"src-fredericksburg-va-fredericksburg-area-museum","Source","","https://www.fredericksburgareamuseum.org/","0","false","connection error","true","https://www.famva.org/","","2026-07-07"
"cmotpa462000e2hy6nz4s7j5n","Source","","https://www.mountvernon.org/library/digitalhistory/digital-encyclopedia/article/battle-of-monmouth","403","true","bot-blocked","","","","2026-07-07"
"src-charlottesville-va-monticello-research","Source","","https://www.monticello.org/","403","true","bot-blocked","","","","2026-07-07"
"src-charlottesville-va-monticello-enslavement","Source","","https://www.monticello.org/getting-word/","403","true","bot-blocked","","","","2026-07-07"
"src-charlottesville-va-uva-special-collections","Source","","https://small.library.virginia.edu/","200","true","","","","","2026-07-07"
"src-charlottesville-va-wikipedia-tarleton-raid","Source","","https://en.wikipedia.org/wiki/Tarleton%27s_Raid","404","false","","true","https://encyclopediavirginia.org/entries/jack-jouetts-ride-1781/","","2026-07-07"
"src-charlottesville-va-monticello-visitor","Source","","https://www.monticello.org/visit/","403","true","bot-blocked","","","","2026-07-07"
"src-mount-vernon-va-lund-washington-letters","Source","Lund Washington to George Washington: Mount Vernon Management Letters, 1775-1783","https://www.loc.gov/collections/george-washington-papers/","403","true","bot-blocked","","","ISSUE","2026-07-07"
"src-mount-vernon-va-mvla-research","Source","","https://www.mountvernon.org/library/","403","true","bot-blocked","","","","2026-07-07"
"src-mount-vernon-va-washington-papers-project","Source","","https://www.upress.virginia.edu/rotunda/washington/","404","false","","true","https://rotunda.upress.virginia.edu/founders/GEWN.html","","2026-07-07"
"cmp54qjun0003nhebyzkd4olv","Source","","https://history.state.gov/departmenthistory/buildings/section6","200","true","","","","","2026-07-07"
"cmp54qjuy0006nhebnx4ld4yh","Source","","https://www.britannica.com/place/York-Pennsylvania","403","true","bot-blocked","","","","2026-07-07"
"src-mount-vernon-va-mvla-archaeology","Source","","https://www.mountvernon.org/preservation/archaeology/","403","true","bot-blocked","","","","2026-07-07"
"src-mount-vernon-va-wikipedia","Source","","https://en.wikipedia.org/wiki/Mount_Vernon","200","true","","","","","2026-07-07"
"src-mount-vernon-va-visitor-guide","Source","","https://www.mountvernon.org/plan-your-visit/","403","true","bot-blocked","","","","2026-07-07"
"src-charleston-sc-lincoln-capitulation","Source","Articles of Capitulation: Charleston, May 12, 1780","https://www.archives.gov/","200","true","","","","ISSUE","2026-07-07"
"src-charleston-sc-lincoln-siege-journal","Source","General Benjamin Lincoln's Siege Journal, March-May 1780","https://www.masshist.org/","200","true","","","","ISSUE","2026-07-07"
"src-charleston-sc-schs-collections","Source","South Carolina Historical Society: Revolutionary War Manuscript Collections","https://www.southcarolinahistoricalsociety.org/","200","true","","","","ISSUE","2026-07-07"
"src-charleston-sc-nps-fort-sumter-and-moultrie","Source","","https://www.nps.gov/fosu/index.htm","200","true","","","","","2026-07-07"
"src-charleston-sc-sc-state-archives","Source","South Carolina Department of Archives and History: Revolutionary War Records","https://www.scdah.sc.gov/","0","false","connection error","true","https://scdah.sc.gov/","INACCESSIBLE","2026-07-07"
"src-charleston-sc-museum-charleston","Source","","https://www.charlestonmuseum.org/","200","true","","","","","2026-07-07"
"src-charleston-sc-wikipedia-siege-1780","Source","","https://en.wikipedia.org/wiki/Siege_of_Charleston_(1780)","404","false","","true","https://en.wikipedia.org/wiki/Siege_of_Charleston","","2026-07-07"
"src-charleston-sc-preservation-society","Source","","https://www.preservationsociety.org/","200","true","","","","","2026-07-07"
"src-charleston-sc-visitch","Source","","https://www.explorecharleston.com/history/revolutionary-war/","404","false","","true","https://www.nps.gov/articles/siege-of-charleston-1780.htm","","2026-07-07"
"src-camden-sc-nps-historic-camden","Source","","https://www.historiccamden.org/","200","true","","","","","2026-07-07"
"src-camden-sc-sc-state-archives-camden","Source","South Carolina State Records: Camden District Court and Loyalist Records, 1780-1","https://www.scdah.sc.gov/","0","false","connection error","true","https://scdah.sc.gov/","INACCESSIBLE","2026-07-07"
"src-camden-sc-south-carolina-hist-mag","Source","","https://www.southcarolinahistoricalsociety.org/publications/","404","false","","true","https://schistory.org/publications/","","2026-07-07"
"src-camden-sc-wikipedia-battle","Source","","https://en.wikipedia.org/wiki/Battle_of_Camden","200","true","","","","","2026-07-07"
"src-cowpens-sc-eyewitness-depositions","Source","Pension Depositions of Cowpens Veterans, 1820-1840","https://www.fold3.com/title/452/revolutionary-war-pension-and-bounty-land-warrant-application-files","200","false","redirects to homepage","true","https://www.familysearch.org/en/search/collection/1417475","INACCESSIBLE","2026-07-07"
"src-cowpens-sc-schs-cowpens-research","Source","","https://www.southcarolinahistoricalsociety.org/","200","true","","","","","2026-07-07"
"src-cowpens-sc-american-battlefield-trust","Source","","https://www.battlefields.org/learn/revolutionary-war/battles/cowpens","200","true","","","","","2026-07-07"
"src-cowpens-sc-wikipedia-battle","Source","","https://en.wikipedia.org/wiki/Battle_of_Cowpens","200","true","","","","","2026-07-07"
"src-cowpens-sc-nps-visitor","Source","","https://www.nps.gov/cowp/planyourvisit/index.htm","200","true","","","","","2026-07-07"
"src-ninety-six-sc-nps-site","Source","","https://www.nps.gov/nisi/index.htm","200","true","","","","","2026-07-07"
"src-ninety-six-sc-sc-state-archives-backcountry","Source","South Carolina Backcountry District Records: Ninety Six, 1775-1782","https://www.scdah.sc.gov/","0","false","connection error","true","https://scdah.sc.gov/","INACCESSIBLE","2026-07-07"
"src-cowpens-sc-nps-battlefield","Source","","https://www.nps.gov/cowp/index.htm","200","true","","","","","2026-07-07"
"src-ninety-six-sc-american-battlefield-trust-nsi","Source","","https://www.battlefields.org/learn/revolutionary-war/battles/ninety-six","200","true","","","","","2026-07-07"
"src-ninety-six-sc-usc-library-backcountry","Source","","https://library.sc.edu/p/Collections/SCL","200","false","redirects to homepage","true","https://www.nps.gov/nisi/","","2026-07-07"
"src-ninety-six-sc-wikipedia-siege","Source","","https://en.wikipedia.org/wiki/Siege_of_Ninety_Six","200","true","","","","","2026-07-07"
"src-ninety-six-sc-nps-visitor-guide","Source","","https://www.nps.gov/nisi/planyourvisit/index.htm","200","true","","","","","2026-07-07"
"src-eutaw-springs-sc-sc-state-archives","Source","South Carolina State Records: Eutaw Springs District, 1781-1782","https://www.scdah.sc.gov/","0","false","connection error","true","https://scdah.sc.gov/","INACCESSIBLE","2026-07-07"
"src-eutaw-springs-sc-american-battlefield-trust-listing","Source","","https://www.battlefields.org/learn/revolutionary-war/battles/eutaw-springs","200","true","","","","","2026-07-07"
"src-eutaw-springs-sc-wikipedia-battle","Source","","https://en.wikipedia.org/wiki/Battle_of_Eutaw_Springs","200","true","","","","","2026-07-07"
"src-beaufort-sc-nps-gullah-geechee","Source","","https://www.nps.gov/guge/index.htm","200","true","","","","","2026-07-07"
"src-beaufort-sc-beaufort-museum","Source","","https://www.beauforthistorymuseum.com/","200","true","","","","","2026-07-07"
"src-beaufort-sc-wikipedia","Source","","https://en.wikipedia.org/wiki/Beaufort,_South_Carolina","200","true","","","","","2026-07-07"
"src-beaufort-sc-visit-beaufort","Source","","https://www.beaufortsc.org/","200","true","","","","","2026-07-07"
"src-hobkirks-hill-sc-nps-historic-camden-hobkirks","Source","","https://www.historiccamden.org/","200","true","","","","","2026-07-07"
"cmp54sp1j000bnhebx06y92ct","Source","","https://battleofrhodeisland.org/occupation-newport/","403","true","bot-blocked","","","","2026-07-07"
"cmpaumc3w000pm35w06lm5ldj","Source","","https://encyclopediavirginia.org/entries/benedict-arnolds-raid-on-virginia/","403","true","bot-blocked","","","","2026-07-07"
"src-hobkirks-hill-sc-american-battlefield-trust-hh","Source","","https://www.battlefields.org/learn/revolutionary-war/battles/hobkirks-hill","200","true","","","","","2026-07-07"
"src-hobkirks-hill-sc-wikipedia-battle","Source","","https://en.wikipedia.org/wiki/Battle_of_Hobkirk%27s_Hill","200","true","","","","","2026-07-07"
"src-hobkirks-hill-sc-historic-camden-visit","Source","","https://www.historiccamden.org/plan-your-visit","404","false","","true","https://www.historiccamden.org/","","2026-07-07"
"src-fort-moultrie-sc-nps-fort-moultrie","Source","","https://www.nps.gov/fosu/learn/historyculture/fort-moultrie.htm","404","false","","true","https://www.nps.gov/fosu/learn/historyculture/fort_moultrie.htm","","2026-07-07"
"src-fort-moultrie-sc-sc-state-archives-1776","Source","South Carolina Council of Safety Minutes: Fort Sullivan, June-July 1776","https://www.scdah.sc.gov/","0","false","connection error","true","https://scdah.sc.gov/","INACCESSIBLE","2026-07-07"
"src-fort-moultrie-sc-american-battlefield-trust-fm","Source","","https://www.battlefields.org/learn/revolutionary-war/battles/sullivan%27s-island","404","false","","true","https://www.battlefields.org/learn/revolutionary-war/battles/sullivans-island-south-carolina","","2026-07-07"
"src-fort-moultrie-sc-carolina-historical-assoc","Source","","https://www.southcarolinahistoricalsociety.org/","200","true","","","","","2026-07-07"
"src-fort-moultrie-sc-wikipedia-battle","Source","","https://en.wikipedia.org/wiki/Battle_of_Sullivan%27s_Island","200","true","","","","","2026-07-07"
"src-fort-moultrie-sc-nps-visitor-guide","Source","","https://www.nps.gov/fosu/planyourvisit/index.htm","200","true","","","","","2026-07-07"
"src-guilford-courthouse-nc-pension-depositions","Source","Pension Applications: Guilford Courthouse Veterans, North Carolina and Virginia","https://www.fold3.com/title/452/revolutionary-war-pension-and-bounty-land-warrant-application-files","200","false","redirects to homepage","true","https://www.archives.gov/citizen-archivist/missions/revolutionary-war-pension-files","INACCESSIBLE","2026-07-07"
"src-guilford-courthouse-nc-nc-state-archives","Source","North Carolina State Archives: Military Collection, Revolutionary War, 1780-1781","https://www.archives.ncdcr.gov/","200","true","","","","ISSUE","2026-07-07"
"src-guilford-courthouse-nc-historical-assoc-nc","Source","","https://www.ncdcr.gov/about/history/north-carolina-historical-review","404","false","","true","https://www.dncr.nc.gov/explore/history-culture/history/division-historical-resources/historical-publications/north-carolina-historical-review","","2026-07-07"
"src-guilford-courthouse-nc-american-battlefield-trust","Source","","https://www.battlefields.org/learn/revolutionary-war/battles/guilford-court-house","200","true","","","","","2026-07-07"
"src-guilford-courthouse-nc-wikipedia-battle","Source","","https://en.wikipedia.org/wiki/Battle_of_Guilford_Court_House","200","true","","","","","2026-07-07"
"src-guilford-courthouse-nc-nps-visitor","Source","","https://www.nps.gov/guco/planyourvisit/index.htm","200","true","","","","","2026-07-07"
"src-kings-mountain-nc-nps-battlefield","Source","","https://www.nps.gov/kimo/index.htm","200","true","","","","","2026-07-07"
"src-guilford-courthouse-nc-nps-battlefield","Source","","https://www.nps.gov/guco/index.htm","200","true","","","","","2026-07-07"
"src-kings-mountain-nc-american-battlefield-trust-km","Source","","https://www.battlefields.org/learn/revolutionary-war/battles/kings-mountain","200","true","","","","","2026-07-07"
"src-kings-mountain-nc-wikipedia-battle","Source","","https://en.wikipedia.org/wiki/Battle_of_Kings_Mountain","200","true","","","","","2026-07-07"
"src-kings-mountain-nc-nps-visitor-guide","Source","","https://www.nps.gov/kimo/planyourvisit/index.htm","200","true","","","","","2026-07-07"
"src-wilmington-nc-nc-state-archives","Source","North Carolina State Archives: New Hanover County Records and Governor's Papers,","https://www.archives.ncdcr.gov/","200","true","","","","ISSUE","2026-07-07"
"src-wilmington-nc-wilmington-hist-district","Source","","https://www.capefearmuseum.com/","200","true","","","","","2026-07-07"
"src-wilmington-nc-lower-cape-fear-historical-society","Source","","https://www.lcfhs.org/","301","false","redirects to unrelated site","true","https://latimerhouse.org/","","2026-07-07"
"src-kings-mountain-nc-nc-state-archives-kings-mountain","Source","North Carolina State Archives: Surry and Wilkes County Militia Records, 1780","https://www.archives.ncdcr.gov/","200","true","","","","ISSUE","2026-07-07"
"src-new-bern-nc-provincial-congress-records","Source","North Carolina Provincial Congress: Proceedings and Journal, 1774-1776","https://www.archives.ncdcr.gov/","200","true","","","","ISSUE","2026-07-07"
"src-new-bern-nc-tryon-palace","Source","","https://www.tryonpalace.org/","200","true","","","","","2026-07-07"
"src-new-bern-nc-moores-creek-nps","Source","","https://www.nps.gov/mocr/index.htm","200","true","","","","","2026-07-07"
"src-new-bern-nc-north-carolina-state-hist-soc","Source","","https://library.unc.edu/wilson/ncc/","200","true","","","","","2026-07-07"
"src-new-bern-nc-wikipedia","Source","","https://en.wikipedia.org/wiki/New_Bern,_North_Carolina","200","true","","","","","2026-07-07"
"src-new-bern-nc-tryon-palace-visitor","Source","","https://www.tryonpalace.org/plan-your-visit","200","true","","","","","2026-07-07"
"src-savannah-ga-lincoln-siege-correspondence","Source","General Benjamin Lincoln: Correspondence during the Siege of Savannah, September","https://www.masshist.org/","200","true","","","","ISSUE","2026-07-07"
"src-wilmington-nc-wikipedia","Source","","https://en.wikipedia.org/wiki/Wilmington,_North_Carolina","200","true","","","","","2026-07-07"
"src-wilmington-nc-visit-wilmington","Source","","https://www.wilmingtonandbeaches.com/history-culture/history/","404","false","","true","https://www.wilmingtonandbeaches.com/things-to-do/attractions-and-activities/history/wilmington/","","2026-07-07"
"src-savannah-ga-nps-fort-pulaski","Source","","https://www.nps.gov/fopu/learn/historyculture/revolutionary-war.htm","404","false","","true","https://www.nps.gov/people/casimir-pulaski.htm","","2026-07-07"
"src-savannah-ga-georgia-historical-society","Source","","https://georgiahistory.com/","200","true","","","","","2026-07-07"
"src-savannah-ga-lamprecht-pulaski","Source","","https://allthingsliberty.com/","200","true","","","","","2026-07-07"
"src-savannah-ga-wikipedia-siege-1779","Source","","https://en.wikipedia.org/wiki/Siege_of_Savannah_(1779)","200","true","","","","","2026-07-07"
"src-savannah-ga-wikipedia-capture-1778","Source","","https://en.wikipedia.org/wiki/Capture_of_Savannah_(1778)","404","false","","true","https://en.wikipedia.org/wiki/Capture_of_Savannah","","2026-07-07"
"src-savannah-ga-visit-savannah","Source","","https://www.visitsavannah.com/history","403","true","bot-blocked","","","","2026-07-07"
"src-savannah-ga-georgia-state-archives","Source","Georgia State Archives: Revolutionary War Records, 1776-1783","https://www.georgiaarchives.org/","200","true","","","","ISSUE","2026-07-07"
"src-augusta-ga-historic-augusta","Source","","https://www.historicaugusta.org/","200","true","","","","","2026-07-07"
"src-augusta-ga-wikipedia-battle-1781","Source","","https://en.wikipedia.org/wiki/Siege_of_Augusta_(1781)","404","false","","true","https://en.wikipedia.org/wiki/Siege_of_Augusta","","2026-07-07"
"src-augusta-ga-american-battlefield-trust","Source","","https://www.battlefields.org/learn/revolutionary-war/battles/augusta","404","false","","false","","","2026-07-07"
"src-new-haven-nps-coastal-raids","Source","","https://www.nps.gov/subjects/nationalregister/upload/CT-MPS-Revolutionary-War-Coastal-Raids.pdf","404","false","","true","https://connecticuthistory.org/topics-page/revolutionary-war/","","2026-07-07"
"src-new-haven-state-archives-council","Source","Connecticut Council of Safety Minutes, 1779","https://portal.ct.gov/SOTS/Collection-Detail-Pages/State-Archives","200","false","redirects to homepage","true","https://portal.ct.gov/csl/departments/state-archives","INACCESSIBLE","2026-07-07"
"src-new-haven-dandrea-raid","Source","","https://allthingsliberty.com/2018/07/the-british-raid-on-new-haven/","404","false","","true","https://en.wikipedia.org/wiki/Tryon%27s_raid","","2026-07-07"
"src-augusta-ga-georgia-state-archives-augusta","Source","Georgia Archives: Richmond County Records and Georgia Executive Council Papers,","https://www.georgiaarchives.org/","200","true","","","","ISSUE","2026-07-07"
"src-new-haven-wikipedia","Source","","https://en.wikipedia.org/wiki/Battle_of_New_Haven","200","true","","","","","2026-07-07"
"src-new-haven-visitnewhaven","Source","","https://www.visitnewhaven.com/","200","true","","","","","2026-07-07"
"src-new-london-connecticut-state-records","Source","The Public Records of the State of Connecticut, 1781","https://portal.ct.gov/SOTS/Collection-Detail-Pages/State-Archives","200","false","redirects to homepage","true","https://portal.ct.gov/csl/departments/state-archives","ISSUE","2026-07-07"
"src-new-london-nps-arnold-raid","Source","","https://portal.ct.gov/DEEP/State-Parks/Parks/Fort-Trumbull-State-Park","200","true","","","","","2026-07-07"
"src-new-london-martin-privateers","Source","","https://connecticuthistory.org/","200","true","","","","","2026-07-07"
"src-new-london-connecticut-humanities","Source","","https://connecticuthistory.org/new-london/","200","true","","","","","2026-07-07"
"src-new-london-wikipedia","Source","","https://en.wikipedia.org/wiki/Raid_on_New_London","404","false","","true","https://en.wikipedia.org/wiki/Battle_of_Groton_Heights","","2026-07-07"
"src-new-london-tourism","Source","","https://www.newlondonct.gov/","200","true","","","","","2026-07-07"
"src-groton-nps-fort-griswold","Source","","https://portal.ct.gov/DEEP/State-Parks/Parks/Fort-Griswold-Battlefield-State-Park","200","true","","","","","2026-07-07"
"src-new-haven-new-haven-hist-soc","Source","","https://www.newhavenmuseum.org/","403","true","bot-blocked","","","","2026-07-07"
"src-groton-connecticut-sons-revolution","Source","","https://connecticutsar.org/","301","false","redirects to unrelated site","true","https://www.fortgriswold.org/","","2026-07-07"
"src-groton-harris-ledyard","Source","","https://allthingsliberty.com/2021/09/colonel-william-ledyard-fort-griswold/","404","false","","true","https://allthingsliberty.com/2016/03/anything-but-monotonous-nine-months-of-garrison-duty-at-fort-griswold/","","2026-07-07"
"src-groton-jordan-african-american","Source","","https://connecticuthistory.org/african-americans-at-fort-griswold/","404","false","","true","https://revolutionarywarjournal.com/african-americans-in-the-american-revolution-jordan-freeman-dies-defending-fort-griswold/","","2026-07-07"
"src-groton-wikipedia","Source","","https://en.wikipedia.org/wiki/Battle_of_Groton_Heights","200","true","","","","","2026-07-07"
"src-groton-visitgroton","Source","","https://www.groton-ct.gov/","200","true","","","","","2026-07-07"
"src-danbury-continental-congress-resolve","Source","Continental Congress Resolution on the Danbury Raid, May 1777","https://memory.loc.gov/ammem/amlaw/lwjc.html","403","true","bot-blocked","","","ISSUE","2026-07-07"
"src-danbury-nps-ridgefield","Source","","https://www.keelertavernmuseum.org/","200","true","","","","","2026-07-07"
"src-danbury-connecticut-state-archives-1777","Source","Connecticut Council of Safety Records: April-May 1777","https://portal.ct.gov/SOTS/Collection-Detail-Pages/State-Archives","200","false","redirects to homepage","true","https://libguides.ctstatelibrary.org/hg/militaryrecords/revwar","ISSUE","2026-07-07"
"src-danbury-ridgefield-hist-soc","Source","","https://www.ridgefieldhistoricalsociety.org/","200","true","","","","","2026-07-07"
"src-danbury-museum","Source","","https://www.danburymuseum.org/","200","true","","","","","2026-07-07"
"src-newport-nps-rochambeau","Source","","https://www.nps.gov/roc/index.htm","404","false","","true","https://www.nps.gov/waro/","","2026-07-07"
"src-newport-preservation-society","Source","","https://www.newportmansions.org/","200","true","","","","","2026-07-07"
"src-newport-rihs-collections","Source","","https://www.rihs.org/","200","true","","","","","2026-07-07"
"src-newport-wikipedia-rochambeau","Source","","https://en.wikipedia.org/wiki/Rochambeau","200","true","","","","","2026-07-07"
"src-newport-discover-newport","Source","","https://www.discovernewport.org/","200","true","","","","","2026-07-07"
"src-providence-gaspee-testimony","Source","Proceedings of the Gaspee Commission, 1772-1773","https://www.sos.ri.gov/divisions/Archival/archives","200","false","redirects to homepage","true","https://sosri.access.preservica.com/uncategorized/SO_ad412bed-2274-4bd6-8013-1d9994900096/","ISSUE","2026-07-07"
"src-providence-nps-gaspee","Source","","https://www.nps.gov/articles/gaspee.htm","404","false","","true","https://www.nps.gov/articles/000/providence-tea-party.htm","","2026-07-07"
"cmpauk49m000hm35wx01gpvxd","Source","","https://founders.archives.gov/documents/Washington/03-31-02-0415","202","true","","","","","2026-07-07"
"src-danbury-visitdanbury","Source","","https://www.danbury.org/","0","false","connection error","true","https://danburymuseum.org/danbury-history-in-brief","","2026-07-07"
"src-newport-rochambeau-journal","Source","Journal de la Campagne en Amérique (Rochambeau's Campaign Journal)","https://www.loc.gov/item/2021667630/","403","true","bot-blocked","","","INACCESSIBLE","2026-07-07"
"cmpaumc2y000mm35w4j7lyvig","Source","","https://encyclopediavirginia.org/entries/the-virginia-revolutionary-conventions-1774-1776/","200","true","","","","","2026-07-07"
"src-providence-providence-preservation","Source","","https://www.ppsri.org/","200","true","","","","","2026-07-07"
"src-providence-wikipedia-gaspee","Source","","https://en.wikipedia.org/wiki/Gaspee_affair","200","true","","","","","2026-07-07"
"src-providence-visitprovidence","Source","","https://www.goprovidence.com/","200","true","","","","","2026-07-07"
"src-portsmouth-langdon-papers","Source","John Langdon Papers, 1775-1819","https://www.nhhistory.org/","200","true","","","","ISSUE","2026-07-07"
"src-portsmouth-continental-congress-navy","Source","Journals of the Continental Congress: Naval Committee Records, 1775-1776","https://memory.loc.gov/ammem/amlaw/lwjc.html","403","true","bot-blocked","","","ISSUE","2026-07-07"
"src-portsmouth-nps-strawbery-banke","Source","","https://www.strawberybanke.org/","200","true","","","","","2026-07-07"
"src-portsmouth-nh-division-records","Source","","https://www.nh.gov/nhdhr/","403","true","bot-blocked","","","","2026-07-07"
"src-portsmouth-paul-jones-house","Source","","https://portsmouthhistory.org/","200","true","","","","","2026-07-07"
"src-portsmouth-wikipedia","Source","","https://en.wikipedia.org/wiki/Portsmouth,_New_Hampshire","200","true","","","","","2026-07-07"
"src-portsmouth-visit-tourism","Source","","https://www.portsmouthnh.com/","200","true","","","","","2026-07-07"
"cmpf4xxjd000mez88dqoo18xw","Source","","https://www.nps.gov/places/parker-s-revenge.htm","200","true","","","","","2026-07-07"
"src-providence-rihs-revolution","Source","","https://www.rihs.org/","200","true","","","","","2026-07-07"
"cmpf4xxjq000pez8831rvq50k","Source","","https://www.nps.gov/people/prince-estabrook-of-lexington.htm","200","true","","","","","2026-07-07"
"src-exeter-nps-war-independence","Source","","https://www.nps.gov/nr/travel/revwar/index.htm","404","false","","true","https://www.nps.gov/subjects/americanrevolution/visit.htm","","2026-07-07"
"src-exeter-nh-historical-society","Source","","https://www.nhhistory.org/","200","true","","","","","2026-07-07"
"src-exeter-wikipedia","Source","","https://en.wikipedia.org/wiki/Exeter,_New_Hampshire","200","true","","","","","2026-07-07"
"src-exeter-visit-tourism","Source","","https://www.exeternh.gov/","200","true","","","","","2026-07-07"
"src-annapolis-washington-resignation","Source","General Washington's Address to Congress on Resigning His Commission, December 2","https://www.loc.gov/resource/mgw3b.048/?sp=330","403","true","bot-blocked","","","INACCESSIBLE","2026-07-07"
"src-annapolis-treaty-paris-ratification","Source","Ratification of the Treaty of Paris by the Continental Congress, January 14, 178","https://www.archives.gov/milestone-documents/treaty-of-paris","200","true","","","","ISSUE","2026-07-07"
"src-annapolis-journals-continental-congress-1783","Source","Journals of the Continental Congress, Volume XXV (1783)","https://memory.loc.gov/ammem/amlaw/lwjc.html","403","true","bot-blocked","","","ISSUE","2026-07-07"
"src-annapolis-md-state-archives","Source","Maryland State Archives: Revolutionary War Records Collection","https://msa.maryland.gov/","200","true","","","","ISSUE","2026-07-07"
"src-exeter-nh-constitution-1776","Source","Constitution of New Hampshire, January 5, 1776","https://www.sos.nh.gov/archives","403","true","bot-blocked","","","ISSUE","2026-07-07"
"src-exeter-continental-association-exeter","Source","Exeter Committee of Safety Records, 1775-1783","https://www.sos.nh.gov/archives","403","true","bot-blocked","","","ISSUE","2026-07-07"
"src-annapolis-maryland-historical-society","Source","","https://www.mdhs.org/","403","true","bot-blocked","","","","2026-07-07"
"src-annapolis-wikipedia","Source","","https://en.wikipedia.org/wiki/Annapolis,_Maryland","200","true","","","","","2026-07-07"
"src-annapolis-visit-tourism","Source","","https://www.visitannapolis.org/","200","true","","","","","2026-07-07"
"src-baltimore-continental-congress-baltimore","Source","Journals of the Continental Congress, December 1776 - February 1777 (Baltimore S","https://memory.loc.gov/ammem/amlaw/lwjc.html","403","true","bot-blocked","","","ISSUE","2026-07-07"
"src-baltimore-privateering-records","Source","Maryland Admiralty Court Records: Privateering Commissions, 1776-1783","https://msa.maryland.gov/","200","true","","","","ISSUE","2026-07-07"
"src-baltimore-md-state-archives-revolution","Source","Maryland State Archives: Baltimore County Committee of Observation Records","https://msa.maryland.gov/","200","true","","","","ISSUE","2026-07-07"
"src-baltimore-nps-flag-house","Source","","https://flaghouse.org/","200","true","","","","","2026-07-07"
"src-baltimore-maryland-historical-magazine","Source","","https://www.mdhs.org/research/maryland-historical-magazine/","403","true","bot-blocked","","","","2026-07-07"
"src-baltimore-maryland-line","Source","","https://allthingsliberty.com/2016/08/maryland-400/","404","false","","true","https://msa.maryland.gov/maryland400","","2026-07-07"
"src-baltimore-balt-museum-of-industry","Source","","https://www.thebmi.org/","200","true","","","","","2026-07-07"
"src-baltimore-wikipedia","Source","","https://en.wikipedia.org/wiki/Baltimore","200","true","","","","","2026-07-07"
"src-baltimore-visit-baltimore","Source","","https://baltimore.org/","200","true","","","","","2026-07-07"
"src-dover-nps-first-state","Source","","https://www.nps.gov/frst/index.htm","200","true","","","","","2026-07-07"
"src-dover-delaware-historical-society","Source","","https://dehs.org/","200","false","redirects to homepage","true","https://dehistory.org/","","2026-07-07"
"src-dover-wikipedia","Source","","https://en.wikipedia.org/wiki/Dover,_Delaware","200","true","","","","","2026-07-07"
"src-dover-visit-delaware","Source","","https://www.visitdelaware.com/","200","true","","","","","2026-07-07"
"src-wilmington-cooch-bridge-pension","Source","Revolutionary War Pension Applications: Delaware Veterans","https://www.fold3.com/collection/revolutionary-war-pension-bounty-land-warrant-application-files","404","false","","true","https://www.archives.gov/research/military/american-revolution","INACCESSIBLE","2026-07-07"
"src-wilmington-continental-army-orders","Source","Orderly Books of the Continental Army: Delaware Campaign, September 1777","https://www.loc.gov/collections/george-washington-papers/","403","true","bot-blocked","","","INACCESSIBLE","2026-07-07"
"src-wilmington-nps-brandywine","Source","","https://brandywinebattlefield.org/","200","true","","","","","2026-07-07"
"src-wilmington-delaware-historical-society","Source","","https://dehs.org/","200","true","","","","","2026-07-07"
"src-kaskaskia-george-rogers-clark-nhp","Source","","https://www.nps.gov/gero/index.htm","200","true","","","","","2026-07-07"
"src-dover-delaware-declaration","Source","Delaware Declaration of Rights and Fundamental Rules, September 11, 1776","https://archives.delaware.gov/","200","true","","","","ISSUE","2026-07-07"
"src-wilmington-wikipedia","Source","","https://en.wikipedia.org/wiki/Wilmington,_Delaware","200","true","","","","","2026-07-07"
"src-wilmington-visit-tourism","Source","","https://www.visitwilmingtonde.com/","200","true","","","","","2026-07-07"
"src-bennington-nps-bennington-battlefield","Source","","https://parks.ny.gov/historic-sites/35/details.aspx","200","false","redirects to wrong page","true","https://parks.ny.gov/historic-sites/benningtonbattlefield/details.aspx","","2026-07-07"
"src-bennington-vermont-historical-society","Source","","https://vermonthistory.org/","200","true","","","","","2026-07-07"
"src-bennington-bennington-museum","Source","","https://www.benningtonmuseum.org/","200","true","","","","","2026-07-07"
"src-bennington-wikipedia","Source","","https://en.wikipedia.org/wiki/Battle_of_Bennington","200","true","","","","","2026-07-07"
"src-bennington-visit-tourism","Source","","https://www.bennington.com/","200","true","","","","","2026-07-07"
"src-brattleboro-vermont-independence-1777","Source","Declaration of Independence of Vermont, January 15, 1777","https://www.sec.state.vt.us/archives-records.aspx","0","false","connection error","true","https://avalon.law.yale.edu/18th_century/vt01.asp","INACCESSIBLE","2026-07-07"
"src-brattleboro-vermont-historical-society-records","Source","","https://vermonthistory.org/","200","true","","","","","2026-07-07"
"src-brattleboro-wikipedia","Source","","https://en.wikipedia.org/wiki/Brattleboro,_Vermont","200","true","","","","","2026-07-07"
"src-brattleboro-visit-tourism","Source","","https://www.brattleborochamber.org/","200","true","","","","","2026-07-07"
"src-castine-massachusetts-general-court-records","Source","Massachusetts General Court: Penobscot Expedition Committee Reports, 1779-1782","https://www.sec.state.ma.us/arc/","200","true","","","","INACCESSIBLE","2026-07-07"
"src-castine-nps-penobscot","Source","","https://wilsonmuseum.org/","0","false","connection error","true","https://www.wilsonmuseum.org/","","2026-07-07"
"src-castine-paul-revere-penobscot","Source","Paul Revere's Deposition Regarding the Penobscot Expedition, 1779","https://www.masshist.org/","200","true","","","","ISSUE","2026-07-07"
"src-castine-maine-historic-preservation","Source","","https://www.maine.gov/mhpc/","200","true","","","","","2026-07-07"
"src-portland-continental-congress-falmouth","Source","Journals of the Continental Congress: Falmouth Burning Resolution, November 1775","https://memory.loc.gov/ammem/amlaw/lwjc.html","403","true","bot-blocked","","","INACCESSIBLE","2026-07-07"
"src-portland-massachusetts-provincial-congress","Source","Records of the Massachusetts Provincial Congress: Falmouth Relief Measures, 1775","https://www.sec.state.ma.us/arc/","200","true","","","","INACCESSIBLE","2026-07-07"
"src-portland-maine-historical-society","Source","","https://www.mainehistory.org/","200","true","","","","","2026-07-07"
"src-portland-maine-historic-preservation-portland","Source","","https://www.maine.gov/mhpc/","200","true","","","","","2026-07-07"
"src-portland-wikipedia-falmouth","Source","","https://en.wikipedia.org/wiki/Burning_of_Falmouth_(1775)","404","false","","true","https://en.wikipedia.org/wiki/Burning_of_Falmouth","","2026-07-07"
"src-portland-visit-portland","Source","","https://www.visitportland.com/","200","true","","","","","2026-07-07"
"src-kaskaskia-clark-memoir","Source","George Rogers Clark's Memoir (Clark to Mason, 1791)","https://www.loc.gov/item/mm79070887/","403","true","bot-blocked","","","INACCESSIBLE","2026-07-07"
"src-kaskaskia-virginia-state-papers","Source","Virginia State Papers: George Rogers Clark Correspondence, 1778-1779","https://www.lva.virginia.gov/","200","true","","","","ISSUE","2026-07-07"
"src-kaskaskia-nps-lincoln-trail","Source","","https://www.nps.gov/gero/index.htm","200","true","","","","","2026-07-07"
"src-castine-wikipedia-penobscot","Source","","https://en.wikipedia.org/wiki/Penobscot_Expedition","200","true","","","","","2026-07-07"
"src-castine-visit-castine","Source","","https://castine.me.us/","200","true","","","","","2026-07-07"
"src-kaskaskia-wikipedia","Source","","https://en.wikipedia.org/wiki/Capture_of_Kaskaskia","404","false","","true","https://en.wikipedia.org/wiki/Illinois_campaign","","2026-07-07"
"src-kaskaskia-illinois-tourism","Source","","https://www.dnr.illinois.gov/Parks/Pages/Kaskaskia.aspx","404","false","","true","https://dnrhistoric.illinois.gov/experience/sites/site.fort-kaskaskia.html","","2026-07-07"
"src-marietta-northwest-ordinance","Source","An Ordinance for the Government of the Territory of the United States, North-Wes","https://www.archives.gov/milestone-documents/northwest-ordinance","200","true","","","","PASS","2026-07-07"
"src-marietta-nps-mound-city","Source","","https://www.nps.gov/hocu/index.htm","200","true","","","","","2026-07-07"
"src-marietta-ohio-history-connection","Source","","https://www.ohiohistory.org/","200","true","","","","","2026-07-07"
"src-marietta-campus-martius-museum","Source","","https://www.ohiohistory.org/visit/museum-and-site-locator/campus-martius-museum/","404","false","","true","https://www.ohiohistory.org/visit/browse-historical-sites/campus-martius-museum/","","2026-07-07"
"src-wheeling-continental-congress-northwest","Source","Journals of the Continental Congress: Western Land and Defense Resolutions, 1779","https://memory.loc.gov/ammem/amlaw/lwjc.html","403","true","bot-blocked","","","INACCESSIBLE","2026-07-07"
"src-wheeling-archives-wv","Source","","https://archives.wv.gov/","0","false","connection error","true","https://archive.wvculture.org/history/archives/services.html","","2026-07-07"
"src-wheeling-wikipedia-fort-henry","Source","","https://en.wikipedia.org/wiki/Battle_of_Fort_Henry_(1777)","404","false","","true","https://en.wikipedia.org/wiki/Siege_of_Fort_Henry_(1777)","","2026-07-07"
"src-wheeling-visit-tourism","Source","","https://www.visitwheeling.com/","200","true","","","","","2026-07-07"
"source-concord-wikipedia","Source","","https://en.wikipedia.org/wiki/Battles_of_Lexington_and_Concord","200","true","","","","","2026-07-07"
"source-boston-wikipedia-tea-party","Source","","https://en.wikipedia.org/wiki/Boston_Tea_Party","200","true","","","","","2026-07-07"
"source-cambridge-wikipedia-siege","Source","","https://en.wikipedia.org/wiki/Siege_of_Boston","200","true","","","","","2026-07-07"
"source-arlington-wikipedia-menotomy","Source","","https://en.wikipedia.org/wiki/Battle_of_Menotomy","200","true","","","","","2026-07-07"
"src-marietta-visit-tourism","Source","","https://www.mariettaohio.org/","200","true","","","","","2026-07-07"
"src-wheeling-draper-manuscripts","Source","Draper Manuscript Collection: Ohio Valley Frontier Papers","https://www.wisconsinhistory.org/Records/Article/CS5107","404","false","","true","https://www.wisconsinhistory.org/Records/Article/CS4103","INACCESSIBLE","2026-07-07"
"src-sar-nara-saratoga-records","Source","Revolutionary War Pension Files: Saratoga Veterans","https://www.archives.gov/research/military/american-revolution","200","true","","","","ISSUE","2026-07-07"
"src-alb-nps-hudson-valley","Source","","https://www.hudsonrivervalley.com/heritage/","404","false","","true","https://www.hudsonrivervalley.com/sites","","2026-07-07"
"src-wp-nps-west-point-highlands","Source","","https://www.nps.gov/subjects/revwar/west-point.htm","404","false","","true","https://www.nps.gov/subjects/americanrevolution/index.htm","","2026-07-07"
"src-phi-declaration-independence","Source","Declaration of Independence, July 4, 1776","https://www.archives.gov/founding-docs/declaration","200","true","","","","PASS","2026-07-07"
"src-phi-constitution-center","Source","","https://constitutioncenter.org/","200","true","","","","","2026-07-07"
"src-yor-wikipedia-york-congress","Source","","https://en.wikipedia.org/wiki/York,_Pennsylvania","200","true","","","","","2026-07-07"
"src-car-pa-archives-carlisle","Source","Pennsylvania Archives, Series 2 and 5: Militia Records and Border Defense","https://www.phmc.pa.gov/Archives","302","false","redirects to homepage","true","https://www.pa.gov/agencies/phmc/pa-state-archives","ISSUE","2026-07-07"
"src-pao-paoli-battlefield-org","Source","","https://www.paolipreservation.org/","0","false","connection error","true","https://pbpfinc.org/","","2026-07-07"
"src-tre-trenton-capital-history","Source","","https://www.trentonnj.org/","200","true","","","","","2026-07-07"
"src-mor-nps-morristown-nhp","Source","","https://www.nps.gov/morr/index.htm","200","true","","","","","2026-07-07"
"src-marblehead-wikipedia-glovers-regiment","Source","","https://en.wikipedia.org/wiki/Glover%27s_Marblehead_Regiment","404","false","","true","https://en.wikipedia.org/wiki/14th_Continental_Regiment","","2026-07-07"
"src-alexandria-va-washington-letters-pre-war","Source","George Washington's Letters from Alexandria, 1769-1775","https://www.loc.gov/collections/george-washington-papers/","403","true","bot-blocked","","","INACCESSIBLE","2026-07-07"
"src-fredericksburg-va-washington-boyhood-letters","Source","George Washington's Early Letters and Diary Fragments, 1748-1754","https://www.loc.gov/collections/george-washington-papers/","403","true","bot-blocked","","","INACCESSIBLE","2026-07-07"
"src-charlottesville-va-jefferson-escape-account","Source","Thomas Jefferson to William Gordon, July 16, 1788 (Account of Tarleton's Raid)","https://www.loc.gov/collections/thomas-jefferson-papers/","403","true","bot-blocked","","","INACCESSIBLE","2026-07-07"
"src-camden-sc-battlefields-trust","Source","","https://www.battlefields.org/learn/revolutionary-war/battles/camden","200","true","","","","","2026-07-07"
"src-eutaw-springs-sc-scprt-marker","Source","","https://southcarolinaparks.com/","200","true","","","","","2026-07-07"
"src-fle-nps-fort-lee-historic-park","Source","","https://www.nj.gov/dep/parksandforests/historic/fortlee/index.html","404","false","","true","https://njpalisades.org/fortlee/","","2026-07-07"
"src-savannah-ga-pulaski-death-account","Source","Account of the Death of Count Casimir Pulaski at the Siege of Savannah, October [1779]","https://www.loc.gov/","403","true","bot-blocked","","","ISSUE","2026-07-07"
"src-savannah-ga-georgia-hist-quarterly","Source","","https://georgiahistory.com/education-outreach/publications/georgia-historical-quarterly/","404","false","","true","https://www.georgiahistory.com/learn-and-explore/publications/georgia-historical-quarterly/","","2026-07-07"
"src-danbury-wikipedia","Source","","https://en.wikipedia.org/wiki/Raid_on_Danbury","404","false","","true","https://en.wikipedia.org/wiki/Battle_of_Ridgefield","","2026-07-07"
"src-exeter-american-independence-museum","Source","","https://www.independencemuseum.org/","403","true","bot-blocked","","","","2026-07-07"
"src-annapolis-historic-annapolis","Source","","https://www.historiccannapolis.org/","0","false","connection error","true","https://www.annapolis.org/","","2026-07-07"
"src-dover-delaware-ratification","Source","Delaware Ratification of the U.S. Constitution, December 7, 1787","https://www.archives.gov/founding-docs/constitution","200","true","","","","ISSUE","2026-07-07"
"src-dover-delaware-state-archives","Source","Delaware Public Archives: Revolutionary War Records","https://archives.delaware.gov/","200","true","","","","ISSUE","2026-07-07"
"source-elizabeth-jar-elizabethtown","Source","","https://allthingsliberty.com","200","true","","","","","2026-07-07"
"source-elizabeth-nj-historical-society","Source","New Jersey Historical Society Collections: Essex County Revolutionary War Record","https://jerseyhistory.org","200","true","","","","ISSUE","2026-07-07"
"source-elizabeth-nj-state-museum","Source","","https://www.nj.gov/state/museum","200","true","","","","","2026-07-07"
"src-wilmington-cooch-bridge-society","Source","","https://www.coochsbridgebattlefield.org/","0","false","connection error","true","https://history.delaware.gov/coochs-bridge-historic-site/","","2026-07-07"
"src-bennington-stark-report","Source","General John Stark's Report on the Battle of Bennington to General Schuyler, Aug[ust 1777]","https://memory.loc.gov/ammem/amlaw/lwcc.html","403","true","bot-blocked","","","INACCESSIBLE","2026-07-07"
"src-brattleboro-continental-congress-vermont","Source","Journals of the Continental Congress: Vermont Statehood Debates, 1777-1791","https://memory.loc.gov/ammem/amlaw/lwjc.html","403","true","bot-blocked","","","INACCESSIBLE","2026-07-07"
"src-kaskaskia-illinois-historical-survey","Source","","https://www.illinois.gov/agencies/agency.illinois-state-historical-library.html","200","false","redirects to homepage","true","https://presidentlincoln.illinois.gov/library/library-collections/","","2026-07-07"
"src-marietta-wikipedia","Source","","https://en.wikipedia.org/wiki/Marietta,_Ohio","200","true","","","","","2026-07-07"
"source-elizabeth-nps-revolutionary-nj","Source","","https://www.nps.gov/revwar/about_the_revolution/new_jersey.html","404","false","","true","https://www.nps.gov/places/crossroads-national-heritage-area.htm","","2026-07-07"
"src-mon-monmouth-county-historical","Source","","https://www.monmouthhistory.org/","200","true","","","","","2026-07-07"
"src-williamsburg-va-encyclopedia-virginia","Source","","https://www.encyclopediavirginia.org/","200","true","","","","","2026-07-07"
"src-dover-john-dickinson-plantation","Source","","https://history.delaware.gov/dickinson/","200","true","","","","","2026-07-07"
"src-castine-maine-historical-society","Source","","https://www.mainehistory.org/","403","true","bot-blocked","","","","2026-07-07"
"source-elizabeth-gerlach-prologue","Source","","https://www.rutgersuniversitypress.org","200","true","","","","","2026-07-07"
"source-elizabeth-boudinot-papers-princeton","Source","Elias Boudinot Papers","https://findingaids.princeton.edu","200","true","","","","ISSUE","2026-07-07"
"src-salem-nps-maritime","Source","","https://www.nps.gov/sama/learn/historyculture/revolutionary-war.htm","404","false","","true","https://www.nps.gov/sama/learn/historyculture/index.htm","","2026-07-07"
"src-pit-pa-historical-museum-commission","Source","","https://www.phmc.pa.gov/","302","true","","","","","2026-07-07"
"src-williamsburg-va-virginia-mag-history","Source","","https://www.virginiahistory.org/publications-and-resources/virginia-magazine-history-and-biography","403","true","bot-blocked","","","","2026-07-07"
"src-kings-mountain-nc-draper-manuscripts","Source","Draper Manuscripts: Kings Mountain and Its Heroes -- Source Materials","https://www.wisconsinhistory.org/Records/Article/CS1945","404","false","","true","https://digicoll.library.wisc.edu/cgi/f/findaid/findaid-idx?c=wiarchives%3Bcc%3Dwiarchives%3Bview%3Dtext%3Brgn%3Dmain%3Bdidno%3Duw-whs-draper0dd","INACCESSIBLE","2026-07-07"
"cmoagrnsa000036gwew6ze63k","Source","","https://www.nps.gov/subjects/amrevolution/index.htm","404","false","","true","https://www.nps.gov/subjects/americanrevolution/index.htm","","2026-07-07"
"cmoagrnzi000336gw19d41gdv","Source","","https://www.britannica.com/topic/American-Revolution","403","true","bot-blocked","","","","2026-07-07"
"cmoagro4x000636gwsnlcwp8t","Source","","https://en.wikipedia.org/wiki/American_Revolutionary_War","200","true","","","","","2026-07-07"
"cmoagrobo000936gwmoc8jw0n","Source","","https://www.nysm.nysed.gov/collections","404","false","","true","https://nysm.nysed.gov/research-collections","","2026-07-07"
"cmodzdhiw0000d6hsz7tfd66u","Source","","https://www.heinzhistorycenter.org/blog/fort-pitt-museum-fort-pitt-during-the-revolutionary-war-general-brodheads-expedition/","200","true","","","","","2026-07-07"
"cmodzfmoh0005d6hsu0vlpdbt","Source","","https://www.nps.gov/articles/000/avenging-danbury-revisiting-the-battle-of-ridgefield-and-american-attempts-to-stop-the-british-raid-of-1777.htm","200","true","","","","","2026-07-07"
"cmodzfmpg0008d6hseb0to2sg","Source","","https://ridgefieldhistoricalsociety.org/wp-content/uploads/2023/08/Battle-of-Ridgefield-Technical-Report-2022-NPS-ABPP.pdf","200","true","","","","","2026-07-07"
"cmodzfmpv000bd6hshjd40dke","Source","","https://www.encyclopedia.com/history/encyclopedias-almanacs-transcripts-and-maps/danbury-raid-connecticut","200","true","","","","","2026-07-07"
"cmofetd6q00004kyjr5hlyuso","Source","","https://www.fortgriswold.org/the-battle-of-groton-heights/","200","true","","","","","2026-07-07"
"cmofetd7a00034kyjdqall3q4","Source","","https://connecticuthistory.org/fort-griswold-and-the-battle-of-groton-heights-1781/","200","true","","","","","2026-07-07"
"cmofetd7o00064kyj4gu0mvh8","Source","","https://portal.ct.gov/-/media/deep/stateparks/parks/thebattleofgrotonheightsandtheburningofnewlondonpdf.pdf","200","true","","","","","2026-07-07"
"cmofevoy9000b4kyj6x2s3oph","Source","","https://www.mountvernon.org/library/digitalhistory/digital-encyclopedia/article/connecticut-raids","403","true","bot-blocked","","","","2026-07-07"
"cmofevoyl000e4kyj4b8ftiv5","Source","","https://web.library.yale.edu/news/2020/07/happy-4th-july-british-are-not-coming-year","200","true","","","","","2026-07-07"
"cmofevoyw000h4kyjcoxokrgz","Source","","https://news.yale.edu/2015/07/01/redcoats-are-coming-new-haven","200","true","","","","","2026-07-07"
"cmogu9ad90000ee6i15wrqc9n","Source","","https://connecticuthistory.org/benedict-arnold-turns-and-burns-new-london/","200","true","","","","","2026-07-07"
"cmogubcz50005ee6i6pby5m0u","Source","","https://allthingsliberty.com/2020/05/george-washingtons-1777-wilmington-delaware-headquarters-insights-to-an-unmarked-site/","200","true","","","","","2026-07-07"
"cmogubczm0008ee6iptqynh0l","Source","","https://allthingsliberty.com/2020/04/washingtons-head-of-elk-reconnaissance-a-new-letter-and-and-old-receipt/","200","true","","","","","2026-07-07"
"cmogubd00000bee6ita936i8a","Source","","https://philadelphiaencyclopedia.org/essays/wilmington-delaware/","200","true","","","","","2026-07-07"
"cmoi9p1rz0000r6o735h301ar","Source","","https://www.battlefields.org/learn/revolutionary-war/battles/savannah","200","true","","","","","2026-07-07"
"cmoi9p1t30003r6o77zcezqi5","Source","","https://www.battlefields.org/learn/articles/savannah","200","true","","","","","2026-07-07"
"cmoi9p1ti0006r6o70zvh37fu","Source","","https://www.georgiaencyclopedia.org/articles/history-archaeology/siege-of-savannah/","200","true","","","","","2026-07-07"
"cmoi9rh0m000br6o7vl72r5v1","Source","","https://www.nps.gov/people/father-pierre-gibault.htm","200","true","","","","","2026-07-07"
"cmoi9rh12000er6o73qyxzi8x","Source","","https://www.nps.gov/people/george-rogers-clark.htm","200","true","","","","","2026-07-07"
"cmoi9rh1d000hr6o7yyurjq4e","Source","","https://www.nps.gov/places/fort-kaskaskia.htm","200","true","","","","","2026-07-07"
"cmojp4zkb00007bjk7u1hbqdt","Source","","https://www.nps.gov/people/david-lamson.htm","200","true","","","","","2026-07-07"
"cmojp4zl000037bjk9wtp8fev","Source","","https://arlingtonhistorical.org/learn/articles/the-battle-of-menotomy/","200","true","","","","","2026-07-07"
"cmojp4zld00067bjky6uuaivx","Source","","https://www.americanheritage.com/forgotten-battle-menotomy","200","true","","","","","2026-07-07"
"cmojp70kh000b7bjkb7g8bok6","Source","","https://www.nps.gov/articles/000/boston-massacre.htm","200","true","","","","","2026-07-07"
"cmojp70kw000e7bjkm6omxtga","Source","","https://www.nps.gov/articles/000/siege-of-boston-overview.htm","200","true","","","","","2026-07-07"
"cmojp70l8000h7bjkh0jrqk1l","Source","","https://www.nps.gov/articles/000/siege-of-boston-map.htm","200","true","","","","","2026-07-07"
"cmojp95cw000m7bjkf3v0yj31","Source","","https://www.nps.gov/articles/000/john-glover-sailor-soldier-patriot.htm","200","true","","","","","2026-07-07"
"cmojp95dy000p7bjkpfc4xyxo","Source","","https://www.battlefields.org/learn/articles/john-glover-and-marblehead-men-massachusetts","200","true","","","","","2026-07-07"
"cmojp95eb000s7bjko7oj6utz","Source","","https://www.americanrevolutioninstitute.org/coastal-regiments-in-the-continental-army/","200","true","","","","","2026-07-07"
"cmol4kosf0000r4t2ksrt56vk","Source","","https://founders.archives.gov/documents/Adams/06-02-02-0002","202","true","","","","","2026-07-07"
"cmol4kosy0003r4t2c67u743v","Source","","https://founders.archives.gov/documents/Adams/06-02-02-0003","202","true","","","","","2026-07-07"
"cmol4kotb0006r4t2d3kvqy8m","Source","","https://ofgraveyardsandthings.com/2019/12/11/7-december-1773-plymouth-patriots-lend-support-prior-to-the-boston-tea-party/","200","true","","","","","2026-07-07"
"cmol4n0c1000br4t2sbcpwgkg","Source","","https://www.smithsonianmag.com/history/was-this-little-known-standoff-between-british-soldiers-and-colonists-the-real-start-of-the-american-revolution-180986105/","200","true","","","","","2026-07-07"
"cmol4n0cc000er4t2q7o2itfq","Source","","https://www.nps.gov/articles/privateers-in-the-american-revolution.htm","200","true","","","","","2026-07-07"
"cmol4n0cn000hr4t2iprhlc8u","Source","","https://allthingsliberty.com/2015/04/a-fast-ship-from-salem-carrying-news-of-war/","200","true","","","","","2026-07-07"
"cmomk0jue0000130q5mtm0wtd","Source","","https://massar.org/setting-the-record-straight-the-worcester-revolt-of-september-6-1774/","200","true","","","","","2026-07-07"
"cmomk0jv20003130q4cwdtton","Source","","https://founders.archives.gov/documents/Washington/03-01-02-0047-0003","202","true","","","","","2026-07-07"
"cmomk2yz7000e130qvkur41cg","Source","","https://www.westfield.ma.edu/historical-journal/wp-content/uploads/2018/11/2017-Summer-Raphael-Lexington-Worcester-and-the-American-Revolution.pdf","200","true","","","","","2026-07-07"
"cmomk2yzo000h130qrz4nmf91","Source","","https://allthingsliberty.com/2013/02/the-true-start-of-the-american-revolution/","200","true","","","","","2026-07-07"
"cmonzghud00001p158fgxlasz","Source","","https://history.house.gov/Historical-Highlights/1700s/General-George-Washington-resigning-his-commission-in-Annapolis","200","false","redirects to homepage","true","https://en.wikipedia.org/wiki/George_Washington%27s_resignation_as_commander-in-chief","","2026-07-07"
"cmonzghv900031p154gtzrdn9","Source","","https://www.mountvernon.org/library/digitalhistory/digital-encyclopedia/article/resignation-of-military-commission","403","true","bot-blocked","","","","2026-07-07"
"cmonzghvl00061p15ux50qc9r","Source","","https://www.aoc.gov/explore-capitol-campus/art/general-george-washington-resigning-his-commission","200","true","","","","","2026-07-07"
"cmonziw0w000b1p15u83jeuy1","Source","","https://www.nps.gov/articles/000/the-maryland-400.htm","200","true","","","","","2026-07-07"
"cmonziw1c000e1p15995g0klv","Source","","https://www.mdhistory.org/resources/congress-hall-baltimore-and-sharp-streets-1776/","403","true","bot-blocked","","","","2026-07-07"
"cmonziw1n000h1p15u7jwgb4g","Source","","https://history.house.gov/People/Continental-Congress/Meeting-Places/","200","true","","","","","2026-07-07"
"cmopewbji0000hrdfqtfzw9mn","Source","","https://en.wikipedia.org/wiki/Burning_of_Falmouth","200","true","","","","","2026-07-07"
"cmopewbkb0003hrdfko2px524","Source","","https://digitalcommons.library.umaine.edu/cgi/viewcontent.cgi?article=1000&context=mainehistoryjournal","202","true","","","","","2026-07-07"
"cmopewbkq0006hrdfbiv0w5qx","Source","","https://allthingsliberty.com/2015/09/a-tale-of-two-cities-the-destruction-of-falmouth-and-the-defense-of-hampton/","200","true","","","","","2026-07-07"
"cmopeyoc7000bhrdfi87doh2j","Source","","https://www.nps.gov/articles/000/guilford-courthouse-national-military-park-550002.htm","200","true","","","","","2026-07-07"
"cmopeyocw000ehrdfomjt8vbb","Source","","https://www.ncpedia.org/history/usrevolution/guilford-courthouse","200","true","","","","","2026-07-07"
"cmoqud024000012npx9artcoo","Source","","https://www.britannica.com/event/Battle-of-Kings-Mountain","403","true","bot-blocked","","","","2026-07-07"
"cmoquf87u000512npdsn7xzdu","Source","","https://www.ncpedia.org/tryon-palace","200","true","","","","","2026-07-07"
"cmoquf888000812npwqkv6qtu","Source","","https://www.ncpedia.org/resolves-prerevolutionary","200","true","","","","","2026-07-07"
"cmoquf88o000b12nplq9mlrqe","Source","","https://www.ncpedia.org/biography/stanly-john-wright","200","true","","","","","2026-07-07"
"cmos9sij7000012qjrw1c2ate","Source","","https://www.ncpedia.org/wilmington-campaign-1781","200","true","","","","","2026-07-07"
"cmos9sijt000312qjlcf1ifmh","Source","","https://www.encyclopedia.com/history/encyclopedias-almanacs-transcripts-and-maps/wilmington-north-carolina","200","true","","","","","2026-07-07"
"cmos9sik7000612qjm4pu47gx","Source","","https://amrevnc.com/wilmington/","403","true","bot-blocked","","","","2026-07-07"
"cmos9ujcz000b12qjiw0ecfc1","Source","","https://www.exeterhistory.org/historically-speaking/revolutionary-war-capital","200","true","","","","","2026-07-07"
"cmos9ujdu000e12qj55l8ifdw","Source","","https://www.exeterhistory.org/exeter-history/2016/6/24/early-exeter-history-1638-1887","200","true","","","","","2026-07-07"
"cmos9uje7000h12qjs15buqyj","Source","","https://www.yahoo.com/lifestyle/articles/revolutionary-era-committee-met-exeter-100149193.html","200","true","","","","","2026-07-07"
"cmotp7ujd00002hy6yrusdq84","Source","","https://nhsar.org/the-raid-on-fort-william-and-mary-in-1774/","200","true","","","","","2026-07-07"
"cmotp7uk100032hy6ljed8mmf","Source","","https://en.wikipedia.org/wiki/Capture_of_Fort_William_and_Mary","200","true","","","","","2026-07-07"
"cmotp7ukb00062hy6u5sa9v4m","Source","","https://exhibits.nhd.uscourts.gov/6.htm","200","true","","","","","2026-07-07"
"cmotpc5kz000p2hy66g0xuj0x","Source","","https://www.mountvernon.org/library/digitalhistory/digital-encyclopedia/article/morristown-nj","403","true","bot-blocked","","","","2026-07-07"
"cmov4no7e0000u9q3q8uzjufo","Source","","https://www.nps.gov/articles/000/experiencing-the-story-of-the-battle-of-princeton.htm","200","true","","","","","2026-07-07"
"cmov4no800003u9q3tsjt8f6t","Source","","https://www.battlefields.org/learn/articles/ten-crucial-days-princeton","200","true","","","","","2026-07-07"
"cmov4no8e0006u9q3796va3nq","Source","","https://www.mountvernon.org/george-washington/the-revolutionary-war/washingtons-revolutionary-war-battles/the-trenton-princeton-campaign/10-facts-about-the-battle-of-princeton","403","true","bot-blocked","","","","2026-07-07"
"cmov4pwlk000bu9q3m10ri9gi","Source","","https://www.battlefields.org/learn/revolutionary-war/battles/trenton","200","true","","","","","2026-07-07"
"cmov4pwly000eu9q3otvmixjp","Source","","https://www.mountvernon.org/george-washington/the-revolutionary-war/washingtons-revolutionary-war-battles/the-trenton-princeton-campaign/10-facts-about-washingtons-crossing-of-the-delaware-river","403","true","bot-blocked","","","","2026-07-07"
"cmov4pwmb000hu9q3qc1fxztf","Source","","https://www.nps.gov/people/henry-knox.htm","200","true","","","","","2026-07-07"
"cmowk3gqi0000rkwcnqbb3ppv","Source","","https://www.battlefields.org/learn/articles/history-crown-point-1734-1783","200","true","","","","","2026-07-07"
"cmowk3gr70003rkwcuzy6oxsi","Source","","https://www.battlefields.org/learn/revolutionary-war/battles/crown-point","200","true","","","","","2026-07-07"
"cmowk3grl0006rkwcb2l4rot2","Source","","https://founders.archives.gov/documents/Washington/03-05-02-0279","202","true","","","","","2026-07-07"
"cmowk5iug000brkwc920bycmf","Source","","https://allthingsliberty.com/2014/09/so-heavy-a-trial-the-burning-of-new-yorks-first-capital/","200","true","","","","","2026-07-07"
"cmowk5iur000erkwc0jkmhfu8","Source","","https://history.nycourts.gov/about_period/20-stories-constitution/","200","true","","","","","2026-07-07"
"cmowk5iv3000hrkwcpp974uoy","Source","","https://www.encyclopedia.com/law/encyclopedias-almanacs-transcripts-and-maps/new-york-constitution-1777","200","true","","","","","2026-07-07"
"cmowk7lx5000mrkwcsww3a64m","Source","","https://parks.ny.gov/visit/historic-sites/washingtons-headquarters-state-historic-site","200","true","","","","","2026-07-07"
"cmowk7ly1000prkwc8jjioary","Source","","https://parks.ny.gov/visit/historic-sites/new-windsor-cantonment-state-historic-site","200","true","","","","","2026-07-07"
"cmowk7lye000srkwcxf87qv1l","Source","","https://npg.si.edu/es/blog/newburgh-conspiracy","403","true","bot-blocked","","","","2026-07-07"
"cmoxzjfzg0000yuayyxz64fq6","Source","","https://www.nps.gov/sara/","200","true","","","","","2026-07-07"
"cmoxzjg060003yuaytziqbayd","Source","","https://www.nps.gov/places/saratoga-surrender-site.htm","200","true","","","","","2026-07-07"
"cmoxzjg0i0006yuay6rgmrwge","Source","","https://www.nps.gov/places/schuyler-estate.htm","200","true","","","","","2026-07-07"
"cmoxzllun000byuayr53l6zt0","Source","","https://www.nps.gov/articles/saratoga-the-tide-turns-on-the-frontier-teaching-with-historic-places.htm","200","true","","","","","2026-07-07"
"cmoxzllw6000gyuayq1wl22lo","Source","","https://www.battlefields.org/learn/revolutionary-war/battles/saratoga","200","true","","","","","2026-07-07"
"cmozezbgk0000ibgzqwxyrvi8","Source","","https://www.mountvernon.org/library/digitalhistory/digital-encyclopedia/article/battle-of-stony-point","403","true","bot-blocked","","","","2026-07-07"
"cmozezbha0003ibgz973vz8st","Source","","https://www.battlefields.org/learn/articles/battle-stony-point","200","true","","","","","2026-07-07"
"cmozezbho0006ibgzl3d6dge0","Source","","https://armyhistory.org/our-officers-and-men-behaved-like-men-determined-to-be-free-the-battle-of-stony-point-15-16-july-1779/","200","true","","","","","2026-07-07"
"cmpwa4e0i0000uhiyv299h1o6","Source","","https://www.nps.gov/articles/000/boston-massacre-trial.htm","200","true","","","","","2026-07-07"
"cmozf1jj2000bibgzue201dxh","Source","","https://www.battlefields.org/learn/revolutionary-war/battles/fort-ticonderoga-1775","200","true","","","","","2026-07-07"
"cmozf1jjg000eibgza5ww3j6g","Source","","https://www.nps.gov/articles/000/reinterpreting-new-york-s-fort-ticonderoga.htm","200","true","","","","","2026-07-07"
"cmozf1jjs000hibgzgb7v3qsu","Source","","https://www.nps.gov/articles/000/the-humdrum-side-of-war-investigating-camp-life-during-the-american-revolution.htm","200","true","","","","","2026-07-07"
"cmozf3k9a000mibgzmighpcvz","Source","","https://www.westpoint.edu/about/history-of-west-point/brief-history-of-west-point","200","true","","","","","2026-07-07"
"cmozf3kam000pibgz9wbk6i9d","Source","","https://home.army.mil/westpoint/about/history","200","true","","","","","2026-07-07"
"cmozf3kay000sibgzmlzyydga","Source","","https://www.battlefields.org/learn/articles/west-point","200","true","","","","","2026-07-07"
"cmp0uf6wk0000xazrhk74ckv1","Source","","https://www.nps.gov/articles/000/new-york-militia-soldier-who-fought-at-battle-of-white-plains-buried-at-st-paul-s.htm","200","true","","","","","2026-07-07"
"cmp0uf6y10003xazrc757gpn4","Source","","https://www.battlefields.org/learn/articles/battle-white-plains","200","true","","","","","2026-07-07"
"cmp0uf6yc0006xazr0ljhzsy3","Source","","https://www.mountvernon.org/library/digitalhistory/digital-encyclopedia/article/battle-of-white-plains","403","true","bot-blocked","","","","2026-07-07"
"cmp0uhiq6000bxazr9w8e9afs","Source","","https://www.ohiohistory.org/visit/browse-historical-sites/campus-martius-museum/","200","true","","","","","2026-07-07"
"cmp0uhiqe000exazruq9v35p7","Source","","https://www.ohiohistory.org/marietta_mound_cemetery/","200","true","","","","","2026-07-07"
"cmp0uhiqn000hxazrkbduq1as","Source","","https://www.nps.gov/places/campus-martius-museum.htm","200","true","","","","","2026-07-07"
"cmp29v0rg0000ef4ii7s6ossf","Source","","https://founders.archives.gov/documents/Washington/03-08-02-0086","202","true","","","","","2026-07-07"
"cmp29v0sh0003ef4ivbuj7icm","Source","","https://ahec.armywarcollege.edu/exhibits/CBKsThenAndNow.cfm","404","false","","true","https://ahec.armywarcollege.edu/exhibits/index.cfm","","2026-07-07"
"cmp29v0sv0006ef4idfth0to1","Source","","https://goordnance.army.mil/history/OrdnanceCorpshistory.html","0","false","connection error","false","","","2026-07-07"
"cmp29x9mi000bef4in2ggvsnq","Source","","https://www.nps.gov/articles/000/philadelphia-campaign-1777.htm","200","true","","","","","2026-07-07"
"cmp29x9nf000eef4i1jcd43mm","Source","","https://www.mountvernon.org/library/digitalhistory/digital-encyclopedia/article/battle-of-germantown","403","true","bot-blocked","","","","2026-07-07"
"cmp29x9nu000hef4igrwbmvsh","Source","","https://www.battlefields.org/learn/revolutionary-war/battles/germantown","200","true","","","","","2026-07-07"
"cmp3pap4k0000th4bdlfe1wgi","Source","","https://www.battlefields.org/learn/revolutionary-war/battles/paoli","200","true","","","","","2026-07-07"
"cmp3pap5k0003th4bgmghwyjw","Source","","https://www.nps.gov/people/anthony-wayne.htm","200","true","","","","","2026-07-07"
"cmp3pcz2q000ath4bqo1qnz3g","Source","","https://philadelphiaencyclopedia.org/essays/british-occupation-of-philadelphia/","200","true","","","","","2026-07-07"
"cmp3pcz31000dth4bpsnlczba","Source","","https://www.battlefields.org/learn/articles/heart-revolution-philadelphia-during-war-independence","200","true","","","","","2026-07-07"
"cmp3pf2ix000ith4bsvqmgiz5","Source","","https://www.battlefields.org/learn/articles/valley-forge-encampment","200","true","","","","","2026-07-07"
"cmp3pf2ju000lth4bb91jkx90","Source","","https://www.battlefields.org/learn/articles/winter-valley-forge","200","true","","","","","2026-07-07"
"cmp3pf2k9000oth4by1tiviqc","Source","","https://www.battlefields.org/learn/articles/alliance-day","200","true","","","","","2026-07-07"
"cmp54qju00000nhebz8ugj08c","Source","","https://www.achp.gov/preserve-america/community/york-pennsylvania","200","true","","","","","2026-07-07"
"cmp54sp2l000enhebm5i9zhuo","Source","","https://www.nps.gov/articles/000/life-liberty-and-the-moral-dilemma-of-slavery-uncovering-the-history-of-rhode-island-s-black-soldiers-during-the-american-revolution.htm","200","true","","","","","2026-07-07"
"cmp54sp2z000hnhebhahqb4gx","Source","","https://www.battlefields.org/learn/articles/weathering-storm-battle-rhode-island","200","true","","","","","2026-07-07"
"cmp6k6hr50000dkr3zmdkubxl","Source","","https://www.scencyclopedia.org/sce/entries/beaufort/","200","true","","","","","2026-07-07"
"cmp6k6hru0003dkr3oav2b6vq","Source","","https://www.scencyclopedia.org/sce/entries/beaufort-county/","200","true","","","","","2026-07-07"
"cmp6k6hs50006dkr3ycs7t4nm","Source","","https://www.scencyclopedia.org/sce/entries/port-royal-island-battle-of/","200","true","","","","","2026-07-07"
"cmp6k8sd3000bdkr3cklnxkiw","Source","","https://www.nps.gov/articles/siege-of-charleston-1780.htm","200","true","","","","","2026-07-07"
"cmp6k8sdr000edkr3jhu14kji","Source","","https://www.nps.gov/articles/000/british-evacuation-of-charleston.htm","200","true","","","","","2026-07-07"
"cmp6k8se2000hdkr3qc5s8tbc","Source","","https://www.nps.gov/articles/charleston-community-history.htm","200","true","","","","","2026-07-07"
"cmp7zmcvy00007fq73p2rp769","Source","","https://www.nps.gov/articles/000/battle-of-cowpens.htm","200","true","","","","","2026-07-07"
"cmp7zmcwj00037fq7x5p8k7s4","Source","","https://www.nps.gov/articles/000/washington-light-infantry-monument.htm","200","true","","","","","2026-07-07"
"cmp7zo8ha00087fq7f4hk3w8j","Source","","https://allthingsliberty.com/2023/05/eutaw-springs-and-the-ambiguity-of-victory/","200","true","","","","","2026-07-07"
"cmp7zo8hi000b7fq7l6fcjz9k","Source","","https://www.mountvernon.org/library/digitalhistory/digital-encyclopedia/article/battle-eutaw-springs","403","true","bot-blocked","","","","2026-07-07"
"cmp7zo8hq000e7fq702i3ozqd","Source","","https://americanhistory.si.edu/collections/object/nmah_1097423","403","true","bot-blocked","","","","2026-07-07"
"cmp7zqep1000j7fq7pwjhgn4o","Source","","https://www.nps.gov/articles/000/hobkirk-hill-blag.htm","200","true","","","","","2026-07-07"
"cmp7zqepp000m7fq7fkgjajev","Source","","https://www.scbattlegroundtrust.org/revolutionary-war-gaol-site-acquired-for-permanent-protection","200","true","","","","","2026-07-07"
"cmp7zqepx000p7fq7c8jerc7k","Source","","https://www.battlefields.org/learn/revolutionary-war/battles/hobkirk-hill","200","true","","","","","2026-07-07"
"cmp9f2ehq000011bgztu9djty","Source","","https://www.nps.gov/nisi/learn/historyculture/birmingham.htm","200","true","","","","","2026-07-07"
"cmp9f2eij000311bgvu9hvyhi","Source","","https://www.scencyclopedia.org/sce/entries/ninety-six-battles-of/","200","true","","","","","2026-07-07"
"cmp9f4kj5000811bgo1nqja9d","Source","","https://encyclopediavirginia.org/entries/jack-jouetts-ride-1781/","403","true","bot-blocked","","","","2026-07-07"
"cmp9f4kk0000b11bgxnqfkgyc","Source","","https://encyclopediavirginia.org/entries/the-albemarle-barracks/","403","true","bot-blocked","","","","2026-07-07"
"cmp9f4kkc000e11bg6t9geuie","Source","","https://www.encyclopedia.com/history/encyclopedias-almanacs-transcripts-and-maps/charlottesville-raid-virginia","200","true","","","","","2026-07-07"
"cmpauhz160000m35woq7xqkog","Source","","https://www.battlefields.org/learn/articles/echoes-revolutionary-fredericksburg","200","true","","","","","2026-07-07"
"cmpauhz210003m35wxhohx1sm","Source","","https://www.battlefields.org/learn/articles/hugh-mercers-fredericksburg","200","true","","","","","2026-07-07"
"cmpauhz2f0006m35wi0c0u14q","Source","","https://encyclopediavirginia.org/entries/mercer-hugh-1725-1777","403","true","bot-blocked","","","","2026-07-07"
"cmpauk48b000bm35w7o3oweg5","Source","","https://www.mountvernon.org/george-washington/slavery/resistance-and-punishment/savage","403","true","bot-blocked","","","","2026-07-07"
"cmpauk498000em35w3n4t0fk0","Source","","https://www.mountvernon.org/library/digitalhistory/digital-encyclopedia/article/h-m-s-savage","403","true","bot-blocked","","","","2026-07-07"
"cmpaumc4a000sm35wtyeucw2y","Source","","https://encyclopediavirginia.org/entries/virginia-statute-for-establishing-religious-freedom-1786/","403","true","bot-blocked","","","","2026-07-07"
"cmpc9xwxm0000szcw2w3oox1n","Source","","https://www.battlefields.org/learn/revolutionary-war/battles/yorktown","200","true","","","","","2026-07-07"
"cmpc9xwy70003szcwf1fzg0fi","Source","","https://americanhistory.si.edu/explore/exhibitions/american-revolution-world-war/online/yorktown/bombarding-yorktown","403","true","bot-blocked","","","","2026-07-07"
"cmpc9xwyi0006szcwxmdpbuml","Source","","https://www.armyheritage.org/soldier-stories-information/let-freedom-ring-the-battle-of-yorktown/","200","true","","","","","2026-07-07"
"cmpca00z2000bszcwdtaqx4c8","Source","","https://www.nps.gov/articles/the-battle-of-bennington-an-american-victory-teaching-with-historic-places.htm","200","true","","","","","2026-07-07"
"cmpca00zq000eszcwtbie8i4n","Source","","https://historicsites.vermont.gov/bennington-battle/research","200","true","","","","","2026-07-07"
"cmpca0104000hszcwshyemfov","Source","","https://www.battlefields.org/learn/revolutionary-war/battles/bennington","200","true","","","","","2026-07-07"
"cmpca27t8000mszcw9cjwjl1w","Source","","https://www.reformer.com/local-news/the-long-battle-for-independence/article_6feccc86-4b08-503f-8244-536c8734e37a.html","200","true","","","","","2026-07-07"
"cmpca27tk000pszcww7mazpme","Source","","https://www.reformer.com/community-news/brattleborough-was-home-to-spies-and-double-agents-during-revoluntionary-war/article_ef14b530-5f69-11ec-8eba-ff384fb60a30.html","200","true","","","","","2026-07-07"
"cmpca27tu000sszcwqwtw6yiv","Source","","https://en.wikipedia.org/wiki/Westminster_Massacre","200","true","","","","","2026-07-07"
"cmpdpdukd0000uh4z8tgot44i","Source","","https://www.wvencyclopedia.org/entries/1986","200","true","","","","","2026-07-07"
"cmpdpdul40003uh4zcomyk97e","Source","","https://www.wvencyclopedia.org/entries/59","200","true","","","","","2026-07-07"
"cmpdpdule0006uh4zfv8zmwxc","Source","","https://allthingsliberty.com/2020/01/betty-zane-and-the-siege-of-fort-henry-september-1782/","200","true","","","","","2026-07-07"
"cmpdpfvcl000buh4zziu45l5a","Source","","https://history.delaware.gov/2021/05/12/dover-green/","200","true","","","","","2026-07-07"
"cmpdpfvcw000euh4zdyzusvk2","Source","","https://www.nps.gov/places/the-dover-green.htm","200","true","","","","","2026-07-07"
"cmpdpfvd6000huh4z0rxp6evg","Source","","https://www.nps.gov/places/caesar-rodney-statue.htm","200","true","","","","","2026-07-07"
"cmpdphy8f000muh4z7ytg0zaf","Source","","https://www.georgiaencyclopedia.org/articles/history-archaeology/thomas-brown-1750-1825/","200","true","","","","","2026-07-07"
"cmpdphy9g000puh4zvv025kby","Source","","https://www.battlefields.org/learn/biographies/thomas-brown","200","true","","","","","2026-07-07"
"cmpdphy9t000suh4z6wk2lo1n","Source","","https://www.scencyclopedia.org/sce/entries/brown-thomas/","200","true","","","","","2026-07-07"
"cmpf4tqnv0000ez88l0kds9aj","Source","","https://www.nps.gov/places/massachusetts-hall.htm","200","true","","","","","2026-07-07"
"cmpf4tqom0003ez885ymu50kx","Source","","https://www.nps.gov/articles/000/generals-and-staff-at-washingtons-cambridge-headquarters.htm","200","true","","","","","2026-07-07"
"cmpf4tqp10006ez88efe8p340","Source","","https://www.nps.gov/articles/000/washingtons-cambridge-headquarters-and-the-memory-of-the-american-revolution.htm","200","true","","","","","2026-07-07"
"cmpf4vw54000bez884hybtrnw","Source","","https://www.nps.gov/places/concord-s-north-bridge.htm","200","true","","","","","2026-07-07"
"cmpf4vw5v000eez880ddkvloi","Source","","https://www.battlefields.org/learn/biographies/james-barrett","200","true","","","","","2026-07-07"
"cmpf4vw6g000hez882e6zhu4q","Source","","https://www.nps.gov/mima/learn/news/nps-discovers-nearly-250-year-old-musket-balls-from-shot-heard-round-the-world.htm","200","true","","","","","2026-07-07"
"cmpf4xxk4000sez88npzbuz27","Source","","https://www.nps.gov/articles/000/john-hannigan-patriots-of-color-paper-4.htm","200","true","","","","","2026-07-07"
"cmpgk9ns80000lne0adv1ysgz","Source","","https://www.history.navy.mil/research/underwater-archaeology/sites-and-projects/ship-wrecksites/penobscot-expedition-archaeological-project.html","200","true","","","","","2026-07-07"
"cmpgk9nsz0003lne0dk6o6avh","Source","","https://allthingsliberty.com/2019/08/the-penobscot-expedition-of-1779/","200","true","","","","","2026-07-07"
"cmpgk9ntc0006lne0nhvnp3i1","Source","","https://www.battlefields.org/learn/revolutionary-war/battles/penobscot-expedition","200","true","","","","","2026-07-07"
"cmpgkbrwa000blne0hnm7jxkw","Source","","https://www.encyclopedia.com/history/encyclopedias-almanacs-transcripts-and-maps/elizabethtown-new-jersey","200","true","","","","","2026-07-07"
"cmpgkbrx7000elne01eid6xyj","Source","","https://ucnj.org/parks-recreation/the-last-invasion-historic-trail/","200","true","","","","","2026-07-07"
"cmpgkbrxl000hlne0bftnw5ew","Source","","https://www.revolutionary-war-and-beyond.com/presbyterian-church-burned-elizabethtown-new-jersey.html","403","true","bot-blocked","","","","2026-07-07"
"cmphzpuwp0000i4sidi2otwgk","Source","","https://www.encyclopedia.com/history/encyclopedias-almanacs-transcripts-and-maps/fort-lee-new-jersey","200","true","","","","","2026-07-07"
"cmphzpuxg0003i4siqok6xm0c","Source","","https://www.battlefields.org/learn/revolutionary-war/battles/fort-lee","200","true","","","","","2026-07-07"
"cmphzpuxx0006i4sic2yi5ms6","Source","","https://www.battlefields.org/learn/articles/forts-washington-and-lee","200","true","","","","","2026-07-07"
"cmphzryt6000bi4sik7vh9cja","Source","","https://www.revolutionarywarnewjersey.com/new_jersey_revolutionary_war_sites/towns/hackensack_nj_revolutionary_war_sites.htm","200","true","","","","","2026-07-07"
"cmphzrytw000ei4si6b154u4w","Source","","https://www.bergencountyhistory.org/newbridge-revwar","200","true","","","","","2026-07-07"
"cmphzryua000hi4sio9cg953d","Source","","https://bergencountynj.gov/tourism/discovering-history/revolutionary-war-sites-in-bergen-county/","200","true","","","","","2026-07-07"
"cmpjf52830000dqjhk9fovxel","Source","","https://www.revolutionarywarnewjersey.com/new_jersey_revolutionary_war_sites/towns/new_brunswick_nj_revolutionary_war_sites.htm","200","true","","","","","2026-07-07"
"cmpjf528y0003dqjhdm6xeo77","Source","","https://www.hmdb.org/m.asp?m=208921","403","true","bot-blocked","","","","2026-07-07"
"cmpjf529c0006dqjhopo6e08w","Source","","https://allthingsliberty.com/2018/01/baptism-fire-brunswick-new-jersey-june-1777/","200","true","","","","","2026-07-07"
"cmpjf768t000bdqjh3r4sfd2d","Source","","https://allthingsliberty.com/2014/08/the-american-revolution-comes-to-albany-new-york-1756-1776/","200","true","","","","","2026-07-07"
"cmpjf769j000edqjhm0kbnfs3","Source","","https://en.wikipedia.org/wiki/History_of_Albany","404","false","article does not exist on Wikipedia","true","https://en.wikipedia.org/wiki/History_of_Albany,_New_York","","2026-07-07"
"cmpjf769v000hdqjhy34onhip","Source","","https://www.newyorkalmanack.com/2022/03/revolutionary-albany-the-battles-of-saratoga-loyalist-opposition/","403","true","bot-blocked","","","","2026-07-07"
"cmpjf9d33000mdqjhclhzhzn3","Source","","https://www.nps.gov/places/where-the-battle-of-harlem-heights-began.htm","200","true","","","","","2026-07-07"
"cmpjf9d3i000pdqjhpgqfj1y8","Source","","https://www.nps.gov/places/battle-of-harlem-heights-plaque.htm","200","true","","","","","2026-07-07"
"cmpjf9d3u000sdqjhbnw4kd46","Source","","https://www.mountvernon.org/library/digitalhistory/digital-encyclopedia/article/battle-of-harlem-heights","403","true","bot-blocked","","","","2026-07-07"
"cmpkul1wd0000c57roevpmqda","Source","","https://www.nps.gov/places/bowling-green.htm","200","true","","","","","2026-07-07"
"cmpkul1x90003c57rvqonpr1l","Source","","https://www.mountvernon.org/library/digitalhistory/digital-encyclopedia/article/british-occupation-of-new-york-city","403","true","bot-blocked","","","","2026-07-07"
"cmpkul1xn0006c57rruizphn6","Source","","https://www.mountvernon.org/library/digitalhistory/digital-encyclopedia/article/culper-spy-ring","403","true","bot-blocked","","","","2026-07-07"
"cmpkuncuo000dc57rgs6xgli8","Source","","https://www.sos.ri.gov/divisions/civics-and-education/for-educators/themed-collections/american-revolution","200","true","","","","","2026-07-07"
"cmpkuncv6000gc57r1xu41z1j","Source","","https://www.history.navy.mil/browse-by-topic/people/historical-figures/esek-hopkins.html","200","true","","","","","2026-07-07"
"cmpma132i0000ftl1xxdftdoc","Source","","https://www.britannica.com/event/Battle-of-Camden-1780","403","true","bot-blocked","","","","2026-07-07"
"cmpma13360003ftl18stk4n6k","Source","","https://en.wikipedia.org/wiki/Johann_de_Kalb","200","true","","","","","2026-07-07"
"cmpma31fk0008ftl1ecjemo2s","Source","","https://www.nps.gov/articles/battle-of-sullivan-s-island.htm","200","true","","","","","2026-07-07"
"cmpma31fs000bftl1z39xsvai","Source","","https://www.scencyclopedia.org/sce/entries/sullivan%C2%92s-island-battle-of/","200","true","","","","","2026-07-07"
"cmpma31g0000eftl16q8cv70g","Source","","https://allthingsliberty.com/2023/05/danger-at-the-beach/","200","true","","","","","2026-07-07"
"cmpnpgx0a00008vsqidvxmxib","Source","","https://encyclopediavirginia.org/entries/fairfax-resolves/","403","true","bot-blocked","","","","2026-07-07"
"cmpnpgx1c00038vsqi42f3ngt","Source","","https://founders.archives.gov/documents/Washington/02-10-02-0080","202","true","","","","","2026-07-07"
"cmpnpgx1n00068vsqzy1yhb12","Source","","https://allthingsliberty.com/2020/10/the-american-revolution-in-alexandria-virginia-upheaval-in-george-washingtons-hometown/","200","true","","","","","2026-07-07"
"cmpnpj5vp000b8vsqo5d0g5nc","Source","","https://encyclopediavirginia.org/entries/the-burning-of-norfolk/","403","true","bot-blocked","","","","2026-07-07"
"cmpp4winx0000hj1wsrxim3tv","Source","","https://encyclopediavirginia.org/entries/williamsburg-during-the-colonial-period/","403","true","bot-blocked","","","","2026-07-07"
"cmpp4wioj0003hj1w9aixr21v","Source","","https://encyclopediavirginia.org/entries/the-gunpowder-incident/","403","true","bot-blocked","","","","2026-07-07"
"cmpp4wiot0006hj1wcf42fpe0","Source","","https://www.colonialwilliamsburg.org/discover/sources/revolutionary-documents/virginias-independence-resolution-may-15-1776/","403","true","bot-blocked","","","","2026-07-07"
"cmpp4yqxv000bhj1wh0nlruhb","Source","","https://allthingsliberty.com/2021/05/a-choice-body-of-men-the-continental-army-on-the-upper-ohio/","200","true","","","","","2026-07-07"
"cmpp4yqy6000ehj1ww9h0h9el","Source","","https://allthingsliberty.com/2020/10/the-connolly-plot/","200","true","","","","","2026-07-07"
"cmpqkci6i0000ebjtmwctxyqp","Source","","https://connecticuthistory.org/the-burning-of-danbury/","200","true","","","","","2026-07-07"
"cmpqkeuvy0005ebjtqlrvg7j5","Source","","https://revolutionarywar.us/year-1781/battle-groton-heights/","200","true","","","","","2026-07-07"
"cmprzscv40000um0rbqaajh9q","Source","","https://connecticuthistory.org/benedict-arnold-demands-the-key-today-in-history/","200","true","","","","","2026-07-07"
"cmprzscvm0003um0rf4ncgazu","Source","","https://connecticuthistory.org/roger-sherman-revolutionary-and-dedicated-public-servant/","200","true","","","","","2026-07-07"
"cmprzueof0008um0ruqkkryi8","Source","","https://www.nlchs.org/about/shaw-mansion/","503","false","server error","true","https://en.wikipedia.org/wiki/Shaw_Mansion_(New_London,_Connecticut)","","2026-07-07"
"cmprzueop000bum0r7mpcwgg0","Source","","https://www.nlchs.org/privateering-out-of-new-london/","503","false","server error","true","https://www.nlchs.org/privateering-out-of-new-london/","","2026-07-07"
"cmptfaf8a00023cb8xrb7hkkn","Source","","https://www.mountvernon.org/library/digitalhistory/digital-encyclopedia/article/siege-of-savannah","403","true","bot-blocked","","","","2026-07-07"
"cmpuuo1gu0000utb5clrbi70z","Source","","https://scrcexhibits.omeka.net/exhibits/show/sihistory/settlement/revolution","200","true","","","","","2026-07-07"
"cmpuuq5z60005utb5fq8vwhy6","Source","","https://emergingrevolutionarywar.org/2025/04/17/the-bloody-battle-road-battle-of-menotomy/","200","true","","","","","2026-07-07"
"cmpwa7zed0008uhiyra7qrz4e","Source","","https://www.history.navy.mil/research/histories/ship-histories/danfs/h/hannah-schooner.html","200","true","","","","","2026-07-07"
"cmpxpjkoe0000txo7lzcpl3wh","Source","","https://www.pilgrimhall.org/plymouth_rock.htm","200","true","","","","","2026-07-07"
"cmpxpjkpa0003txo7xyyeyznd","Source","","https://www.gilderlehrman.org/history-resources/essays/righteous-revolution-mercy-otis-warren","403","true","bot-blocked","","","","2026-07-07"
"cmpxpjkpo0006txo7fps7035j","Source","","https://www.masshist.org/collection-guides/view/fa0235","200","true","","","","","2026-07-07"
"cmpxplqoa000btxo777fc4mv9","Source","","https://www.nps.gov/people/alexander-leslie.htm","200","true","","","","","2026-07-07"
"cmpxplqox000etxo76dsmmzw3","Source","","https://www.nps.gov/sama/learn/news/british-encampment.htm","200","true","","","","","2026-07-07"
"cmpz4zsir000011wdamz0qoie","Source","","https://www.gilderlehrman.org/history-resources/spotlight-primary-source/dragging-cannon-fort-ticonderoga-boston-1775","403","true","bot-blocked","","","","2026-07-07"
"cmpz4zsju000311wd7jqgciy8","Source","","https://hamilton.gilderlehrman.org/supporting-document/defending-springfield-armory-1787","200","true","","","","","2026-07-07"
"cmpz52494000811wdgqpw3q6v","Source","","https://aaslh.org/worcester-revolution-of-1774/","200","true","","","","","2026-07-07"
"cmq0kfgyu0000w93cma10nqxl","Source","","https://www.nps.gov/articles/000/the-mob-and-the-peggy-stewart.htm","200","true","","","","","2026-07-07"
"cmq0khupw0005w93cnefqlvh9","Source","","https://history.state.gov/departmenthistory/buildings/section4","200","true","","","","","2026-07-07"
"cmq0khuqo0008w93c5lj9rvuq","Source","","https://www.nps.gov/articles/000/john-eager-howard.htm","200","true","","","","","2026-07-07"
"cmq1zvebh0000kjivct3bihcy","Source","","https://www.tatehouse.org/history","200","true","","","","","2026-07-07"
"cmq1zveca0003kjiv1hh6no1k","Source","","https://www.mainememory.net/sitebuilder/site/899/page/1310/display?page=2","403","true","bot-blocked","","","","2026-07-07"
"cmq1zxizq0008kjivl8p3wa2c","Source","","https://www.mountvernon.org/library/digitalhistory/digital-encyclopedia/article/battle-of-guilford-courthouse","403","true","bot-blocked","","","","2026-07-07"
"cmq3fb0r50000zmdgnekhyi86","Source","","https://www.ncpedia.org/kings-mountain-battle","200","true","","","","","2026-07-07"
"cmq3fb0s40003zmdgai8fcpvc","Source","","https://www.battlefields.org/learn/articles/overmountain-men","200","true","","","","","2026-07-07"
"cmq3fd2mt0008zmdga55pcxiq","Source","","https://www.america250.nc.gov/blog/2024/08/22/home-grown-grievances-250-years-new-bern-resolves","200","true","","","","","2026-07-07"
"cmq3fd2n4000bzmdg58s3oym0","Source","","https://www.america250.nc.gov/blog/2024/08/22/friends-american-liberty-250-years-new-bern-resolves","200","true","","","","","2026-07-07"
"cmq3fd2nf000ezmdgwi6s1ewu","Source","","https://www.ncpedia.org/history/usrevolution/overview","200","true","","","","","2026-07-07"
"cmr3556zb0000aqtijaakp372","Source","","https://www.dncr.nc.gov/blog/2016/11/18/british-forces-leave-wilmington-and-nc-1781","200","true","","","","","2026-07-07"
"cmr357dn60005aqtipwnzgpnj","Source","","https://exhibits.nhd.uscourts.gov/9.htm","200","true","","","","","2026-07-07"
"cmr357dnj0008aqtiv1sp9vvl","Source","","https://www.chesterfieldhistoricalsociety-nh.org/nh-first-constitution","200","true","","","","","2026-07-07"
"cmr357dns000baqtitvmkqth9","Source","","https://statecourtreport.org/our-work/analysis-opinion/story-first-state-constitution","200","true","","","","","2026-07-07"
"cmmndyige00cqouv2fd7tj6jr","PrimarySourcePacket","","https://www.masshist.org/database/viewer.php?pid=2&old=1&mode=nav&ft=Coming+of+the+American+Revolution&item_id=667","200","true","","","","","2026-07-07"
"cmmndyle500d3ouv2ixgensxk","PrimarySourcePacket","","https://archive.org/details/retrospectofbost00hawk","200","true","","","","","2026-07-07"
"cmmndyl8100d2ouv2p13n7rx1","PrimarySourcePacket","","https://www.loc.gov/item/2008680173/","403","true","bot-blocked","","","","2026-07-07"
"cmmndynot00dhouv2kpsomf5a","PrimarySourcePacket","","https://founders.archives.gov/documents/Washington/03-01-02-0027","202","true","","","","","2026-07-07"
"cmmndyny500djouv2kwsqe7b7","PrimarySourcePacket","","https://www.loc.gov/collections/george-washington-papers/articles-and-essays/george-washingtons-life-in-letters/","403","true","bot-blocked","","","","2026-07-07"
"cmmndynut00diouv2aekyqxbl","PrimarySourcePacket","","https://founders.archives.gov/documents/Washington/03-02-02-0351","202","true","","","","","2026-07-07"
"cmmndyqjg00dxouv2r2n46v7a","PrimarySourcePacket","","https://www.sec.state.ma.us/ArchivesSearch/RevolutionarySearch.aspx","200","true","","","","","2026-07-07"
"cmmndysr800e2ouv28z5kyl5j","PrimarySourcePacket","","https://archive.org/details/journalsofeachprma00mass","200","true","","","","","2026-07-07"
"cmmndypjv00dqouv2vkqoc16g","PrimarySourcePacket","","https://www.sec.state.ma.us/ArchivesSearch/RevolutionarySearch.aspx","200","true","","","","","2026-07-07"
"cmmndyqgi00dwouv2wvhsv8wv","PrimarySourcePacket","","https://archive.org/details/bradfordshisto00brad","200","true","","","","","2026-07-07"
"cmmndyury00eaouv2pthh53s9","PrimarySourcePacket","","https://www.archives.gov/research/guide-fed-records/groups/360.html","200","true","","","","","2026-07-07"
"cmmndyvvr00egouv2aku3putv","PrimarySourcePacket","","https://archive.org/details/jamesthachermil00revorich","200","true","","","","","2026-07-07"
"cmmndyuvs00ebouv2rotrcuhh","PrimarySourcePacket","","https://www.masshist.org/collection-guides/view?id=fa0313","200","true","","","","","2026-07-07"
"cmmndyw4n00eiouv2elfhahi4","PrimarySourcePacket","","https://www.loc.gov/item/mgw426673/","403","true","bot-blocked","","","","2026-07-07"
"cmmndyj1r00crouv2knhjmbvq","PrimarySourcePacket","","https://archive.org/details/JohnBarkerDiary-TheBritishInBoston1774-1776","200","true","","","","","2026-07-07"
"cmmndyn0v00ddouv281hl4tkh","PrimarySourcePacket","","https://founders.archives.gov/documents/Washington/03-02-02-0090","200","true","bot-blocked","","","","2026-07-07"
"cmmndysuv00e3ouv2vf02us83","PrimarySourcePacket","","https://archive.org/details/journalsofeachprma00mass","200","true","","","","","2026-07-07"
"cmmndyw0800ehouv2yjhify0m","PrimarySourcePacket","","https://founders.archives.gov/documents/Washington/03-23-02-0474","200","true","bot-blocked","","","","2026-07-07"
"cmmndymun00dcouv2kz30cqoh","PrimarySourcePacket","","https://www.archives.gov/research/guide-fed-records/groups/093.html","200","true","","","","","2026-07-07"
"cmmndyma400d8ouv2wtcli3qj","PrimarySourcePacket","","https://archive.org/details/accountofleslies00endi","200","true","","","","","2026-07-07"
"cmmndyp6o00doouv2x06va7h1","PrimarySourcePacket","","https://www.masshist.org/database/viewer.php?item_id=627&mode=dual&img_step=1&pid=2","200","true","","","","","2026-07-07"
